Workbook

Sheet _
A1: Folio Trámite | B1: Cuenta Individual | C1: Tipo de Trámite | D1: Estatus de trámites | E1: Fecha Estatus | F1: Monto Total | G1: Monto Total de Acciones | H1: NSS | I1: CURP | J1: Proceso | K1: Tipo de Solicitante | L1: CURP Solicitante | M1: Sucursal | N1: Fecha de Captura | O1: Clasificación del Rechazo | P1: Motivos de Rechazo | Q1: Fecha Envio a Beneficios | R1: Fecha Liquidado | S1: Contador de Reactivación | T1: Cliente Notificado | U1: Sello de Verificación | V1: Identificación Trámite | W1: Folio Trámite_2 | X1: Folio_Nuevo_Cognos | Y1: BO_IC_IMPORTE | Z1: BO_IC_IMPORTE_VS_MONTO_TOTAL | AA1: BO_IC_MENSUALIDAD | AB1: BO_IC_P1_SUMA_SUBSECUENTE | AC1: BO_IC_P1_IMPORTE_TOTAL | AD1: FECHA_MAT | AE1: SALARIO MINIMO | AF1: UMA | AG1: VALIDACION_30*SM | AH1: VALIDACION_30*UMA | AI1: RESULTADO_VAL1 | AJ1: FECHA_SOLICITUD | AK1: SALARIO A | AL1: SALARIO B | AM1: VALIDACION_30*SALA | AN1: VALIDACION_90*SALB | AO1: RESULTADO_VAL2 | AP1: SCS_RCV_ACCIONES | AQ1: SCS_CODIGO_SIEFORE | AR1: SCS_VALOR_ACCION | AS1: SCS_RCV_PESOS | AT1: 11.5%_RCV | AU1: RESULTADO_VAL3 | AV1: BO_IMPORTE_PRIMER_IC_PS | AW1: RESULTADO_VAL_SUBSECUENTE | AX1: SUMA_PAGOS_EN_PROCESO | AY1: RESULTADO_VAL_SUMA | AZ1: VALIDACION_PAGO_1 | BA1: RESULTADO_VAL_PAGO_1 | BB1: IMPORTE_A_LIQUIDAR | BC1: ESTATUS | BD1: COMENTARIO | BE1: ESTADO_TRANSACCION | BF1: BOT_ESTADO
A2: 8000251483 | B2: 3300375746 | C2: RETIRO POR DESEMPLEO IMSS | D2: CON IMAGENES COMPLETAS | E2: 44120.591 | F2: 5926.2 | G2: 0 | H2: 10149363516 | I2: RAPJ930124HCHMRS02 | J2: RETIRO PARCIAL IMSS | K2: Titular/Trabajador | L2: RAPJ930124HCHMRS02 | M2: CD. JUAREZ | N2: 20201016 14:03:35 | T2: 1 | U2: 72854047234662 | W2: 202010161356104077 | Y2: 5926.2 | Z2: =IF(Y2=F2,"OK","Error 1") -> OK | AA2: Pago único | AC2: =IF(AA2="Pago 1",AB2+Y2,"0") -> 0 | AD2: 44117 | AE2: =IF(V2="SUBSECUENTE","No aplica",VLOOKUP(YEAR(AD2),'SALARIO MINIMO'!A1:B100,2,FALSE)) -> 123.22 | AF2: =IF(V2="SUBSECUENTE","No aplica",IF(YEAR(AD2)=2016,VLOOKUP(YEAR(AD2),UMA!A1:B100,2,FALSE),IF(MONTH(AD2)=1,VLOOKUP((YEAR(AD2))-1,UMA!A1:B100,2,FALSE),VLOOKUP(YEAR(AD2),UMA!A1:B100,2,FALSE)))) -> 86.88 | AG2: =IF(V2="SUBSECUENTE","No aplica",IFERROR(IF(SEARCH("desempleo",C2),AE2*30*10),AE2*30)) -> 36966 | AH2: =IF(V2="SUBSECUENTE","No aplica",IFERROR(IF(SEARCH("desempleo",C2),AF2*30*10),AF2*30)) -> 26064 | AI2: =IF(V2="SUBSECUENTE","No aplica",IF(AA2="Pago único",IF(AG2=Y2,"OK_SM",IF(AH2=Y2,"OK_UMA","Error Validacion 1")),IF(AG2=AC2,"OK_SM",IF(AH2=AC2,"OK_UMA","Error Validacion 1")))) -> Error Validacion 1 | AJ2: =N2 -> 20201016 14:03:35 | AK2: 197.54 | AL2: 120.89 | AM2: =IF(C2="RETIRO POR MATRIMONIO IMSS", 0,AK2*30) -> 5926.2 | AN2: =IF(C2="RETIRO POR MATRIMONIO IMSS", 0,AL2*90) -> 10880.1 | AO2: =IF(V2="SUBSECUENTE","No aplica",IF(AA2="Pago único",IF(AM2=Y2,"OK_SALA",IF(AN2=Y2,"OK_SALB","Revisar_11.5%")),IF(AM2=AC2,"OK_SALA",IF(AN2=AC2,"OK_SALB","Revisar_11.5%")))) -> OK_SALA | AP2: 2097.9583 | AQ2: PROF-90 | AR2: 13.148607 | AS2: =AP2*AR2 -> 27585.229 | AT2: =IF(V2="SUBSECUENTE","No aplica",IF(AO2="OK_SALA","SAL_A",IF(AO2="OK_SALB","SAL_B",IF(AO2="Revisar_11.5%",AS2*0.115,"Error Validación 2")))) -> SAL_A | AU2: =IF(V2="SUBSECUENTE","No aplica",IF(AA2="Pago único",IF(AT2<>"SAL_A",IF(ABS(AT2-Y2)<0.02,"OK_11.5%",IF(ABS(AS2-Y2)<0.02,"OK_RCV","Error Validación 4")),"SAL_A"),IF(AT2<>"SAL_A",IF(ABS(AT2-AC2)<0.02,"OK_11.5%",IF(ABS(AS2-AC2)<0.02,"OK_RCV","Error Validación 4")),"SAL_A"))) -> SAL_A | AW2: =IF(V2="SUBSECUENTE",IF(AV2=Y2,"OK_IC","Revisar Pendientes"),"") | AY2: =IF(V2="SUBSECUENTES","No aplica",IF(AX2=Y2,"OK_SUMA","Diferencia pagos en curso")) -> Diferencia pagos en curso | AZ2: =IF(AA2="Pago 1",IF(AI2="OK_SM",AG2,IF(AI2="OK_UMA",AH2,IF(AO2="OK_SALA",AM2,IF(AO2="OK_SALB",AN2,IF(AU2="OK_11.5%",AT2,IF(AU2="OK_RCV",AS2,"Error en validación")))))),"No aplica") -> No aplica | BA2: =IF(ISNUMBER(AZ2),"OK_cálculo pago 1",AZ2) -> No aplica | BB2: =IF(AW2="OK_IC",AV2,IF(AY2="OK_SUMA",AX2,IF(AI2="OK_SM",AG2,IF(AI2="OK_UMA",AH2,IF(AO2="OK_SALA",AM2,IF(AO2="OK_SALB",AN2,IF(AU2="OK_11.5%",AT2,IF(AU2="OK_RCV",AS2,"Error en validación")))))))) -> 5926.2 | BC2: =IF(Z2="Error 1","No cuadran el Instructivo de Cobro y el monto de Cognos",IF(AND(AW2="Revisar Pendientes",AY2<>"OK_SUMA"),"Diferencia entre instructivo de cobro actual y de primer pago",IF(AI2<>"Error Validacion 1","Validación correcta",IF(OR(AO2="OK_SALA",AO2="OK_SALB"),"Validación correcta", IF(AU2="Error Validación 4", IF(AA2="Pago único","No cuadra el cálculo realizado contra Instructivo y Cognos","No cuadra cálculo realizado contra Instructivo"), "Validación correcta"))))) -> Validación correcta | BD2: =IF(BC2="Validación correcta","Ningún comentario",IF(BC2="No cuadran el Instructivo de Cobro y el monto de Cognos","Inconsistencia en los datos de origen","Inconsistencia entre datos de origen y cálculo")) -> Ningún comentario | BE2: Actual | BF2: Procesado
A3: 8000250790 | B3: 3200494338 | C3: RETIRO DE AYUDA PARA GASTOS DE MATRIMONIO IMSS | D3: ACEPTADO MC | E3: 44120.4 | F3: 2606.4 | G3: 0 | H3: 16099147890 | I3: OEBJ910507HMCRTV06 | J3: RETIRO PARCIAL IMSS | K3: Titular/Trabajador | L3: OEBJ910507HMCRTV06 | M3: TOLUCA | N3: 20201016 09:31:51 | T3: 1 | U3: 39839285121581 | W3: 202010160923090008 | Y3: 2606.4 | Z3: =IF(Y3=F3,"OK","Error 1") -> OK | AA3: Pago único | AC3: =IF(AA3="Pago 1",AB3+Y3,"0") -> 0 | AD3: 44092 | AE3: =IF(V3="SUBSECUENTE","No aplica",VLOOKUP(YEAR(AD3),'SALARIO MINIMO'!A1:B100,2,FALSE)) -> 123.22 | AF3: =IF(V3="SUBSECUENTE","No aplica",IF(YEAR(AD3)=2016,VLOOKUP(YEAR(AD3),UMA!A1:B100,2,FALSE),IF(MONTH(AD3)=1,VLOOKUP((YEAR(AD3))-1,UMA!A1:B100,2,FALSE),VLOOKUP(YEAR(AD3),UMA!A1:B100,2,FALSE)))) -> 86.88 | AG3: =IF(V3="SUBSECUENTE","No aplica",IFERROR(IF(SEARCH("desempleo",C3),AE3*30*10),AE3*30)) -> 3696.6 | AH3: =IF(V3="SUBSECUENTE","No aplica",IFERROR(IF(SEARCH("desempleo",C3),AF3*30*10),AF3*30)) -> 2606.4 | AI3: =IF(V3="SUBSECUENTE","No aplica",IF(AA3="Pago único",IF(AG3=Y3,"OK_SM",IF(AH3=Y3,"OK_UMA","Error Validacion 1")),IF(AG3=AC3,"OK_SM",IF(AH3=AC3,"OK_UMA","Error Validacion 1")))) -> OK_UMA | AJ3: =N3 -> 20201016 09:31:51 | AK3: 2606.4 | AL3: 0 | AM3: =IF(C3="RETIRO POR MATRIMONIO IMSS", 0,AK3*30) -> 78192 | AN3: =IF(C3="RETIRO POR MATRIMONIO IMSS", 0,AL3*90) -> 0 | AO3: =IF(V3="SUBSECUENTE","No aplica",IF(AA3="Pago único",IF(AM3=Y3,"OK_SALA",IF(AN3=Y3,"OK_SALB","Revisar_11.5%")),IF(AM3=AC3,"OK_SALA",IF(AN3=AC3,"OK_SALB","Revisar_11.5%")))) -> Revisar_11.5% | AP3: 3389.4653 | AQ3: PROF-90 | AR3: 13.148607 | AS3: =AP3*AR3 -> 44566.747 | AT3: =IF(V3="SUBSECUENTE","No aplica",IF(AO3="OK_SALA","SAL_A",IF(AO3="OK_SALB","SAL_B",IF(AO3="Revisar_11.5%",AS3*0.115,"Error Validación 2")))) -> 5125.1759 | AU3: =IF(V3="SUBSECUENTE","No aplica",IF(AA3="Pago único",IF(AT3<>"SAL_A",IF(ABS(AT3-Y3)<0.02,"OK_11.5%",IF(ABS(AS3-Y3)<0.02,"OK_RCV","Error Validación 4")),"SAL_A"),IF(AT3<>"SAL_A",IF(ABS(AT3-AC3)<0.02,"OK_11.5%",IF(ABS(AS3-AC3)<0.02,"OK_RCV","Error Validación 4")),"SAL_A"))) -> Error Validación 4 | AW3: =IF(V3="SUBSECUENTE",IF(AV3=Y3,"OK_IC","Revisar Pendientes"),"") | AY3: =IF(V3="SUBSECUENTES","No aplica",IF(AX3=Y3,"OK_SUMA","Diferencia pagos en curso")) -> Diferencia pagos en curso | AZ3: =IF(AA3="Pago 1",IF(AI3="OK_SM",AG3,IF(AI3="OK_UMA",AH3,IF(AO3="OK_SALA",AM3,IF(AO3="OK_SALB",AN3,IF(AU3="OK_11.5%",AT3,IF(AU3="OK_RCV",AS3,"Error en validación")))))),"No aplica") -> No aplica | BA3: =IF(ISNUMBER(AZ3),"OK_cálculo pago 1",AZ3) -> No aplica | BB3: =IF(AW3="OK_IC",AV3,IF(AY3="OK_SUMA",AX3,IF(AI3="OK_SM",AG3,IF(AI3="OK_UMA",AH3,IF(AO3="OK_SALA",AM3,IF(AO3="OK_SALB",AN3,IF(AU3="OK_11.5%",AT3,IF(AU3="OK_RCV",AS3,"Error en validación")))))))) -> 2606.4 | BC3: =IF(Z3="Error 1","No cuadran el Instructivo de Cobro y el monto de Cognos",IF(AND(AW3="Revisar Pendientes",AY3<>"OK_SUMA"),"Diferencia entre instructivo de cobro actual y de primer pago",IF(AI3<>"Error Validacion 1","Validación correcta",IF(OR(AO3="OK_SALA",AO3="OK_SALB"),"Validación correcta", IF(AU3="Error Validación 4", IF(AA3="Pago único","No cuadra el cálculo realizado contra Instructivo y Cognos","No cuadra cálculo realizado contra Instructivo"), "Validación correcta"))))) -> Validación correcta | BD3: =IF(BC3="Validación correcta","Ningún comentario",IF(BC3="No cuadran el Instructivo de Cobro y el monto de Cognos","Inconsistencia en los datos de origen","Inconsistencia entre datos de origen y cálculo")) -> Ningún comentario | BE3: Actual | BF3: Procesado
A4: 8000251189 | B4: 3300416393 | C4: RETIRO DE AYUDA PARA GASTOS DE MATRIMONIO IMSS | D4: ACEPTADO MC | E4: 44120.545 | F4: 2534.7 | G4: 0 | H4: 41119028144 | I4: RUED900721MSPZSN08 | J4: RETIRO PARCIAL IMSS | K4: Titular/Trabajador | L4: RUED900721MSPZSN08 | M4: SAN LUIS POTOSI | N4: 20201016 12:08:15 | T4: 1 | U4: 43044782931369 | W4: 202010161204490030 | Y4: 2534.7 | Z4: =IF(Y4=F4,"OK","Error 1") -> OK | AA4: Pago único | AC4: =IF(AA4="Pago 1",AB4+Y4,"0") -> 0 | AD4: 43680 | AE4: =IF(V4="SUBSECUENTE","No aplica",VLOOKUP(YEAR(AD4),'SALARIO MINIMO'!A1:B100,2,FALSE)) -> 102.68 | AF4: =IF(V4="SUBSECUENTE","No aplica",IF(YEAR(AD4)=2016,VLOOKUP(YEAR(AD4),UMA!A1:B100,2,FALSE),IF(MONTH(AD4)=1,VLOOKUP((YEAR(AD4))-1,UMA!A1:B100,2,FALSE),VLOOKUP(YEAR(AD4),UMA!A1:B100,2,FALSE)))) -> 84.49 | AG4: =IF(V4="SUBSECUENTE","No aplica",IFERROR(IF(SEARCH("desempleo",C4),AE4*30*10),AE4*30)) -> 3080.4 | AH4: =IF(V4="SUBSECUENTE","No aplica",IFERROR(IF(SEARCH("desempleo",C4),AF4*30*10),AF4*30)) -> 2534.7 | AI4: =IF(V4="SUBSECUENTE","No aplica",IF(AA4="Pago único",IF(AG4=Y4,"OK_SM",IF(AH4=Y4,"OK_UMA","Error Validacion 1")),IF(AG4=AC4,"OK_SM",IF(AH4=AC4,"OK_UMA","Error Validacion 1")))) -> OK_UMA | AJ4: =N4 -> 20201016 12:08:15 | AK4: 2534.7 | AL4: 0 | AM4: =IF(C4="RETIRO POR MATRIMONIO IMSS", 0,AK4*30) -> 76041 | AN4: =IF(C4="RETIRO POR MATRIMONIO IMSS", 0,AL4*90) -> 0 | AO4: =IF(V4="SUBSECUENTE","No aplica",IF(AA4="Pago único",IF(AM4=Y4,"OK_SALA",IF(AN4=Y4,"OK_SALB","Revisar_11.5%")),IF(AM4=AC4,"OK_SALA",IF(AN4=AC4,"OK_SALB","Revisar_11.5%")))) -> Revisar_11.5% | AP4: 3157.9573 | AQ4: PROF-90 | AR4: 13.148607 | AS4: =AP4*AR4 -> 41522.74 | AT4: =IF(V4="SUBSECUENTE","No aplica",IF(AO4="OK_SALA","SAL_A",IF(AO4="OK_SALB","SAL_B",IF(AO4="Revisar_11.5%",AS4*0.115,"Error Validación 2")))) -> 4775.1151 | AU4: =IF(V4="SUBSECUENTE","No aplica",IF(AA4="Pago único",IF(AT4<>"SAL_A",IF(ABS(AT4-Y4)<0.02,"OK_11.5%",IF(ABS(AS4-Y4)<0.02,"OK_RCV","Error Validación 4")),"SAL_A"),IF(AT4<>"SAL_A",IF(ABS(AT4-AC4)<0.02,"OK_11.5%",IF(ABS(AS4-AC4)<0.02,"OK_RCV","Error Validación 4")),"SAL_A"))) -> Error Validación 4 | AW4: =IF(V4="SUBSECUENTE",IF(AV4=Y4,"OK_IC","Revisar Pendientes"),"") | AY4: =IF(V4="SUBSECUENTES","No aplica",IF(AX4=Y4,"OK_SUMA","Diferencia pagos en curso")) -> Diferencia pagos en curso | AZ4: =IF(AA4="Pago 1",IF(AI4="OK_SM",AG4,IF(AI4="OK_UMA",AH4,IF(AO4="OK_SALA",AM4,IF(AO4="OK_SALB",AN4,IF(AU4="OK_11.5%",AT4,IF(AU4="OK_RCV",AS4,"Error en validación")))))),"No aplica") -> No aplica | BA4: =IF(ISNUMBER(AZ4),"OK_cálculo pago 1",AZ4) -> No aplica | BB4: =IF(AW4="OK_IC",AV4,IF(AY4="OK_SUMA",AX4,IF(AI4="OK_SM",AG4,IF(AI4="OK_UMA",AH4,IF(AO4="OK_SALA",AM4,IF(AO4="OK_SALB",AN4,IF(AU4="OK_11.5%",AT4,IF(AU4="OK_RCV",AS4,"Error en validación")))))))) -> 2534.7 | BC4: =IF(Z4="Error 1","No cuadran el Instructivo de Cobro y el monto de Cognos",IF(AND(AW4="Revisar Pendientes",AY4<>"OK_SUMA"),"Diferencia entre instructivo de cobro actual y de primer pago",IF(AI4<>"Error Validacion 1","Validación correcta",IF(OR(AO4="OK_SALA",AO4="OK_SALB"),"Validación correcta", IF(AU4="Error Validación 4", IF(AA4="Pago único","No cuadra el cálculo realizado contra Instructivo y Cognos","No cuadra cálculo realizado contra Instructivo"), "Validación correcta"))))) -> Validación correcta | BD4: =IF(BC4="Validación correcta","Ningún comentario",IF(BC4="No cuadran el Instructivo de Cobro y el monto de Cognos","Inconsistencia en los datos de origen","Inconsistencia entre datos de origen y cálculo")) -> Ningún comentario | BE4: Actual | BF4: Procesado
A5: 8000251209 | B5: 3300345189 | C5: RETIRO DE AYUDA PARA GASTOS DE MATRIMONIO IMSS | D5: ACEPTADO MC | E5: 44120.547 | F5: 2606.4 | G5: 0 | H5: 56169634286 | I5: GOLS960723MGTDPR07 | J5: RETIRO PARCIAL IMSS | K5: Titular/Trabajador | L5: GOLS960723MGTDPR07 | M5: LEON | N5: 20201016 12:11:43 | T5: 1 | U5: 11473888228604 | W5: 202010161207320031 | Y5: 2606.4 | Z5: =IF(Y5=F5,"OK","Error 1") -> OK | AA5: Pago único | AC5: =IF(AA5="Pago 1",AB5+Y5,"0") -> 0 | AD5: 44099 | AE5: =IF(V5="SUBSECUENTE","No aplica",VLOOKUP(YEAR(AD5),'SALARIO MINIMO'!A1:B100,2,FALSE)) -> 123.22 | AF5: =IF(V5="SUBSECUENTE","No aplica",IF(YEAR(AD5)=2016,VLOOKUP(YEAR(AD5),UMA!A1:B100,2,FALSE),IF(MONTH(AD5)=1,VLOOKUP((YEAR(AD5))-1,UMA!A1:B100,2,FALSE),VLOOKUP(YEAR(AD5),UMA!A1:B100,2,FALSE)))) -> 86.88 | AG5: =IF(V5="SUBSECUENTE","No aplica",IFERROR(IF(SEARCH("desempleo",C5),AE5*30*10),AE5*30)) -> 3696.6 | AH5: =IF(V5="SUBSECUENTE","No aplica",IFERROR(IF(SEARCH("desempleo",C5),AF5*30*10),AF5*30)) -> 2606.4 | AI5: =IF(V5="SUBSECUENTE","No aplica",IF(AA5="Pago único",IF(AG5=Y5,"OK_SM",IF(AH5=Y5,"OK_UMA","Error Validacion 1")),IF(AG5=AC5,"OK_SM",IF(AH5=AC5,"OK_UMA","Error Validacion 1")))) -> OK_UMA | AJ5: =N5 -> 20201016 12:11:43 | AK5: 2606.4 | AL5: 0 | AM5: =IF(C5="RETIRO POR MATRIMONIO IMSS", 0,AK5*30) -> 78192 | AN5: =IF(C5="RETIRO POR MATRIMONIO IMSS", 0,AL5*90) -> 0 | AO5: =IF(V5="SUBSECUENTE","No aplica",IF(AA5="Pago único",IF(AM5=Y5,"OK_SALA",IF(AN5=Y5,"OK_SALB","Revisar_11.5%")),IF(AM5=AC5,"OK_SALA",IF(AN5=AC5,"OK_SALB","Revisar_11.5%")))) -> Revisar_11.5% | AP5: 1835.152 | AQ5: PROF-BI | AR5: 13.153222 | AS5: =AP5*AR5 -> 24138.161 | AT5: =IF(V5="SUBSECUENTE","No aplica",IF(AO5="OK_SALA","SAL_A",IF(AO5="OK_SALB","SAL_B",IF(AO5="Revisar_11.5%",AS5*0.115,"Error Validación 2")))) -> 2775.8885 | AU5: =IF(V5="SUBSECUENTE","No aplica",IF(AA5="Pago único",IF(AT5<>"SAL_A",IF(ABS(AT5-Y5)<0.02,"OK_11.5%",IF(ABS(AS5-Y5)<0.02,"OK_RCV","Error Validación 4")),"SAL_A"),IF(AT5<>"SAL_A",IF(ABS(AT5-AC5)<0.02,"OK_11.5%",IF(ABS(AS5-AC5)<0.02,"OK_RCV","Error Validación 4")),"SAL_A"))) -> Error Validación 4 | AW5: =IF(V5="SUBSECUENTE",IF(AV5=Y5,"OK_IC","Revisar Pendientes"),"") | AY5: =IF(V5="SUBSECUENTES","No aplica",IF(AX5=Y5,"OK_SUMA","Diferencia pagos en curso")) -> Diferencia pagos en curso | AZ5: =IF(AA5="Pago 1",IF(AI5="OK_SM",AG5,IF(AI5="OK_UMA",AH5,IF(AO5="OK_SALA",AM5,IF(AO5="OK_SALB",AN5,IF(AU5="OK_11.5%",AT5,IF(AU5="OK_RCV",AS5,"Error en validación")))))),"No aplica") -> No aplica | BA5: =IF(ISNUMBER(AZ5),"OK_cálculo pago 1",AZ5) -> No aplica | BB5: =IF(AW5="OK_IC",AV5,IF(AY5="OK_SUMA",AX5,IF(AI5="OK_SM",AG5,IF(AI5="OK_UMA",AH5,IF(AO5="OK_SALA",AM5,IF(AO5="OK_SALB",AN5,IF(AU5="OK_11.5%",AT5,IF(AU5="OK_RCV",AS5,"Error en validación")))))))) -> 2606.4 | BC5: =IF(Z5="Error 1","No cuadran el Instructivo de Cobro y el monto de Cognos",IF(AND(AW5="Revisar Pendientes",AY5<>"OK_SUMA"),"Diferencia entre instructivo de cobro actual y de primer pago",IF(AI5<>"Error Validacion 1","Validación correcta",IF(OR(AO5="OK_SALA",AO5="OK_SALB"),"Validación correcta", IF(AU5="Error Validación 4", IF(AA5="Pago único","No cuadra el cálculo realizado contra Instructivo y Cognos","No cuadra cálculo realizado contra Instructivo"), "Validación correcta"))))) -> Validación correcta | BD5: =IF(BC5="Validación correcta","Ningún comentario",IF(BC5="No cuadran el Instructivo de Cobro y el monto de Cognos","Inconsistencia en los datos de origen","Inconsistencia entre datos de origen y cálculo")) -> Ningún comentario | BE5: Actual | BF5: Procesado
A6: 8000251067 | B6: 2580010214 | C6: RETIRO DE AYUDA PARA GASTOS DE MATRIMONIO IMSS | D6: ACEPTADO MC | E6: 44120.565 | F6: 2606.4 | G6: 0 | H6: 47018541434 | I6: GOTJ850701HNLNLS00 | J6: RETIRO PARCIAL IMSS | K6: Titular/Trabajador | L6: GOTJ850701HNLNLS00 | M6: MONTERREY | N6: 20201016 11:08:20 | T6: 1 | U6: 50405095699647 | W6: 202010161103200023 | Y6: 2606.4 | Z6: =IF(Y6=F6,"OK","Error 1") -> OK | AA6: Pago único | AC6: =IF(AA6="Pago 1",AB6+Y6,"0") -> 0 | AD6: 44044 | AE6: =IF(V6="SUBSECUENTE","No aplica",VLOOKUP(YEAR(AD6),'SALARIO MINIMO'!A1:B100,2,FALSE)) -> 123.22 | AF6: =IF(V6="SUBSECUENTE","No aplica",IF(YEAR(AD6)=2016,VLOOKUP(YEAR(AD6),UMA!A1:B100,2,FALSE),IF(MONTH(AD6)=1,VLOOKUP((YEAR(AD6))-1,UMA!A1:B100,2,FALSE),VLOOKUP(YEAR(AD6),UMA!A1:B100,2,FALSE)))) -> 86.88 | AG6: =IF(V6="SUBSECUENTE","No aplica",IFERROR(IF(SEARCH("desempleo",C6),AE6*30*10),AE6*30)) -> 3696.6 | AH6: =IF(V6="SUBSECUENTE","No aplica",IFERROR(IF(SEARCH("desempleo",C6),AF6*30*10),AF6*30)) -> 2606.4 | AI6: =IF(V6="SUBSECUENTE","No aplica",IF(AA6="Pago único",IF(AG6=Y6,"OK_SM",IF(AH6=Y6,"OK_UMA","Error Validacion 1")),IF(AG6=AC6,"OK_SM",IF(AH6=AC6,"OK_UMA","Error Validacion 1")))) -> OK_UMA | AJ6: =N6 -> 20201016 11:08:20 | AK6: 2606.4 | AL6: 0 | AM6: =IF(C6="RETIRO POR MATRIMONIO IMSS", 0,AK6*30) -> 78192 | AN6: =IF(C6="RETIRO POR MATRIMONIO IMSS", 0,AL6*90) -> 0 | AO6: =IF(V6="SUBSECUENTE","No aplica",IF(AA6="Pago único",IF(AM6=Y6,"OK_SALA",IF(AN6=Y6,"OK_SALB","Revisar_11.5%")),IF(AM6=AC6,"OK_SALA",IF(AN6=AC6,"OK_SALB","Revisar_11.5%")))) -> Revisar_11.5% | AP6: 22534.103 | AQ6: PROF-85 | AR6: 13.238638 | AS6: =AP6*AR6 -> 298320.83 | AT6: =IF(V6="SUBSECUENTE","No aplica",IF(AO6="OK_SALA","SAL_A",IF(AO6="OK_SALB","SAL_B",IF(AO6="Revisar_11.5%",AS6*0.115,"Error Validación 2")))) -> 34306.895 | AU6: =IF(V6="SUBSECUENTE","No aplica",IF(AA6="Pago único",IF(AT6<>"SAL_A",IF(ABS(AT6-Y6)<0.02,"OK_11.5%",IF(ABS(AS6-Y6)<0.02,"OK_RCV","Error Validación 4")),"SAL_A"),IF(AT6<>"SAL_A",IF(ABS(AT6-AC6)<0.02,"OK_11.5%",IF(ABS(AS6-AC6)<0.02,"OK_RCV","Error Validación 4")),"SAL_A"))) -> Error Validación 4 | AW6: =IF(V6="SUBSECUENTE",IF(AV6=Y6,"OK_IC","Revisar Pendientes"),"") | AY6: =IF(V6="SUBSECUENTES","No aplica",IF(AX6=Y6,"OK_SUMA","Diferencia pagos en curso")) -> Diferencia pagos en curso | AZ6: =IF(AA6="Pago 1",IF(AI6="OK_SM",AG6,IF(AI6="OK_UMA",AH6,IF(AO6="OK_SALA",AM6,IF(AO6="OK_SALB",AN6,IF(AU6="OK_11.5%",AT6,IF(AU6="OK_RCV",AS6,"Error en validación")))))),"No aplica") -> No aplica | BA6: =IF(ISNUMBER(AZ6),"OK_cálculo pago 1",AZ6) -> No aplica | BB6: =IF(AW6="OK_IC",AV6,IF(AY6="OK_SUMA",AX6,IF(AI6="OK_SM",AG6,IF(AI6="OK_UMA",AH6,IF(AO6="OK_SALA",AM6,IF(AO6="OK_SALB",AN6,IF(AU6="OK_11.5%",AT6,IF(AU6="OK_RCV",AS6,"Error en validación")))))))) -> 2606.4 | BC6: =IF(Z6="Error 1","No cuadran el Instructivo de Cobro y el monto de Cognos",IF(AND(AW6="Revisar Pendientes",AY6<>"OK_SUMA"),"Diferencia entre instructivo de cobro actual y de primer pago",IF(AI6<>"Error Validacion 1","Validación correcta",IF(OR(AO6="OK_SALA",AO6="OK_SALB"),"Validación correcta", IF(AU6="Error Validación 4", IF(AA6="Pago único","No cuadra el cálculo realizado contra Instructivo y Cognos","No cuadra cálculo realizado contra Instructivo"), "Validación correcta"))))) -> Validación correcta | BD6: =IF(BC6="Validación correcta","Ningún comentario",IF(BC6="No cuadran el Instructivo de Cobro y el monto de Cognos","Inconsistencia en los datos de origen","Inconsistencia entre datos de origen y cálculo")) -> Ningún comentario | BE6: Actual | BF6: Procesado
A7: 8000251081 | B7: 3200629676 | C7: RETIRO POR DESEMPLEO IMSS | D7: CON IMAGENES COMPLETAS | E7: 44120.472 | F7: 12910.2 | G7: 0 | H7: 12088914515 | I7: SEEJ890609HGTGSS04 | J7: RETIRO PARCIAL IMSS | K7: Titular/Trabajador | L7: SEEJ890609HGTGSS04 | M7: IRAPUATO | N7: 20201016 11:16:10 | T7: 1 | U7: 21336612483457 | W7: 202010161111090298 | Y7: 12910.2 | Z7: =IF(Y7=F7,"OK","Error 1") -> OK | AA7: Pago único | AC7: =IF(AA7="Pago 1",AB7+Y7,"0") -> 0 | AD7: 44120 | AE7: =IF(V7="SUBSECUENTE","No aplica",VLOOKUP(YEAR(AD7),'SALARIO MINIMO'!A1:B100,2,FALSE)) -> 123.22 | AF7: =IF(V7="SUBSECUENTE","No aplica",IF(YEAR(AD7)=2016,VLOOKUP(YEAR(AD7),UMA!A1:B100,2,FALSE),IF(MONTH(AD7)=1,VLOOKUP((YEAR(AD7))-1,UMA!A1:B100,2,FALSE),VLOOKUP(YEAR(AD7),UMA!A1:B100,2,FALSE)))) -> 86.88 | AG7: =IF(V7="SUBSECUENTE","No aplica",IFERROR(IF(SEARCH("desempleo",C7),AE7*30*10),AE7*30)) -> 36966 | AH7: =IF(V7="SUBSECUENTE","No aplica",IFERROR(IF(SEARCH("desempleo",C7),AF7*30*10),AF7*30)) -> 26064 | AI7: =IF(V7="SUBSECUENTE","No aplica",IF(AA7="Pago único",IF(AG7=Y7,"OK_SM",IF(AH7=Y7,"OK_UMA","Error Validacion 1")),IF(AG7=AC7,"OK_SM",IF(AH7=AC7,"OK_UMA","Error Validacion 1")))) -> Error Validacion 1 | AJ7: =N7 -> 20201016 11:16:10 | AK7: 430.34 | AL7: 221.78 | AM7: =IF(C7="RETIRO POR MATRIMONIO IMSS", 0,AK7*30) -> 12910.2 | AN7: =IF(C7="RETIRO POR MATRIMONIO IMSS", 0,AL7*90) -> 19960.2 | AO7: =IF(V7="SUBSECUENTE","No aplica",IF(AA7="Pago único",IF(AM7=Y7,"OK_SALA",IF(AN7=Y7,"OK_SALB","Revisar_11.5%")),IF(AM7=AC7,"OK_SALA",IF(AN7=AC7,"OK_SALB","Revisar_11.5%")))) -> OK_SALA | AP7: 3959.961 | AQ7: PROF-85 | AR7: 13.238638 | AS7: =AP7*AR7 -> 52424.49 | AT7: =IF(V7="SUBSECUENTE","No aplica",IF(AO7="OK_SALA","SAL_A",IF(AO7="OK_SALB","SAL_B",IF(AO7="Revisar_11.5%",AS7*0.115,"Error Validación 2")))) -> SAL_A | AU7: =IF(V7="SUBSECUENTE","No aplica",IF(AA7="Pago único",IF(AT7<>"SAL_A",IF(ABS(AT7-Y7)<0.02,"OK_11.5%",IF(ABS(AS7-Y7)<0.02,"OK_RCV","Error Validación 4")),"SAL_A"),IF(AT7<>"SAL_A",IF(ABS(AT7-AC7)<0.02,"OK_11.5%",IF(ABS(AS7-AC7)<0.02,"OK_RCV","Error Validación 4")),"SAL_A"))) -> SAL_A | AW7: =IF(V7="SUBSECUENTE",IF(AV7=Y7,"OK_IC","Revisar Pendientes"),"") | AY7: =IF(V7="SUBSECUENTES","No aplica",IF(AX7=Y7,"OK_SUMA","Diferencia pagos en curso")) -> Diferencia pagos en curso | AZ7: =IF(AA7="Pago 1",IF(AI7="OK_SM",AG7,IF(AI7="OK_UMA",AH7,IF(AO7="OK_SALA",AM7,IF(AO7="OK_SALB",AN7,IF(AU7="OK_11.5%",AT7,IF(AU7="OK_RCV",AS7,"Error en validación")))))),"No aplica") -> No aplica | BA7: =IF(ISNUMBER(AZ7),"OK_cálculo pago 1",AZ7) -> No aplica | BB7: =IF(AW7="OK_IC",AV7,IF(AY7="OK_SUMA",AX7,IF(AI7="OK_SM",AG7,IF(AI7="OK_UMA",AH7,IF(AO7="OK_SALA",AM7,IF(AO7="OK_SALB",AN7,IF(AU7="OK_11.5%",AT7,IF(AU7="OK_RCV",AS7,"Error en validación")))))))) -> 12910.2 | BC7: =IF(Z7="Error 1","No cuadran el Instructivo de Cobro y el monto de Cognos",IF(AND(AW7="Revisar Pendientes",AY7<>"OK_SUMA"),"Diferencia entre instructivo de cobro actual y de primer pago",IF(AI7<>"Error Validacion 1","Validación correcta",IF(OR(AO7="OK_SALA",AO7="OK_SALB"),"Validación correcta", IF(AU7="Error Validación 4", IF(AA7="Pago único","No cuadra el cálculo realizado contra Instructivo y Cognos","No cuadra cálculo realizado contra Instructivo"), "Validación correcta"))))) -> Validación correcta | BD7: =IF(BC7="Validación correcta","Ningún comentario",IF(BC7="No cuadran el Instructivo de Cobro y el monto de Cognos","Inconsistencia en los datos de origen","Inconsistencia entre datos de origen y cálculo")) -> Ningún comentario | BE7: Actual | BF7: Procesado
A8: 8000251119 | B8: 3200390850 | C8: RETIRO POR DESEMPLEO IMSS | D8: CON IMAGENES COMPLETAS | E8: 44120.484 | F8: 23464.2 | G8: 0 | H8: 65897277813 | I8: ROVA730817HVZLSL01 | J8: RETIRO PARCIAL IMSS | K8: Titular/Trabajador | L8: ROVA730817HVZLSL01 | M8: VERACRUZ | N8: 20201016 11:32:58 | T8: 1 | U8: 74776832023853 | W8: 202010161125390582 | Y8: 23464.2 | Z8: =IF(Y8=F8,"OK","Error 1") -> OK | AA8: Pago único | AC8: =IF(AA8="Pago 1",AB8+Y8,"0") -> 0 | AD8: 44120 | AE8: =IF(V8="SUBSECUENTE","No aplica",VLOOKUP(YEAR(AD8),'SALARIO MINIMO'!A1:B100,2,FALSE)) -> 123.22 | AF8: =IF(V8="SUBSECUENTE","No aplica",IF(YEAR(AD8)=2016,VLOOKUP(YEAR(AD8),UMA!A1:B100,2,FALSE),IF(MONTH(AD8)=1,VLOOKUP((YEAR(AD8))-1,UMA!A1:B100,2,FALSE),VLOOKUP(YEAR(AD8),UMA!A1:B100,2,FALSE)))) -> 86.88 | AG8: =IF(V8="SUBSECUENTE","No aplica",IFERROR(IF(SEARCH("desempleo",C8),AE8*30*10),AE8*30)) -> 36966 | AH8: =IF(V8="SUBSECUENTE","No aplica",IFERROR(IF(SEARCH("desempleo",C8),AF8*30*10),AF8*30)) -> 26064 | AI8: =IF(V8="SUBSECUENTE","No aplica",IF(AA8="Pago único",IF(AG8=Y8,"OK_SM",IF(AH8=Y8,"OK_UMA","Error Validacion 1")),IF(AG8=AC8,"OK_SM",IF(AH8=AC8,"OK_UMA","Error Validacion 1")))) -> Error Validacion 1 | AJ8: =N8 -> 20201016 11:32:58 | AK8: 782.14 | AL8: 1045.9 | AM8: =IF(C8="RETIRO POR MATRIMONIO IMSS", 0,AK8*30) -> 23464.2 | AN8: =IF(C8="RETIRO POR MATRIMONIO IMSS", 0,AL8*90) -> 94131 | AO8: =IF(V8="SUBSECUENTE","No aplica",IF(AA8="Pago único",IF(AM8=Y8,"OK_SALA",IF(AN8=Y8,"OK_SALB","Revisar_11.5%")),IF(AM8=AC8,"OK_SALA",IF(AN8=AC8,"OK_SALB","Revisar_11.5%")))) -> OK_SALA | AP8: 59983.584 | AQ8: PROF-70 | AR8: 10.849608 | AS8: =AP8*AR8 -> 650798.38 | AT8: =IF(V8="SUBSECUENTE","No aplica",IF(AO8="OK_SALA","SAL_A",IF(AO8="OK_SALB","SAL_B",IF(AO8="Revisar_11.5%",AS8*0.115,"Error Validación 2")))) -> SAL_A | AU8: =IF(V8="SUBSECUENTE","No aplica",IF(AA8="Pago único",IF(AT8<>"SAL_A",IF(ABS(AT8-Y8)<0.02,"OK_11.5%",IF(ABS(AS8-Y8)<0.02,"OK_RCV","Error Validación 4")),"SAL_A"),IF(AT8<>"SAL_A",IF(ABS(AT8-AC8)<0.02,"OK_11.5%",IF(ABS(AS8-AC8)<0.02,"OK_RCV","Error Validación 4")),"SAL_A"))) -> SAL_A | AW8: =IF(V8="SUBSECUENTE",IF(AV8=Y8,"OK_IC","Revisar Pendientes"),"") | AY8: =IF(V8="SUBSECUENTES","No aplica",IF(AX8=Y8,"OK_SUMA","Diferencia pagos en curso")) -> Diferencia pagos en curso | AZ8: =IF(AA8="Pago 1",IF(AI8="OK_SM",AG8,IF(AI8="OK_UMA",AH8,IF(AO8="OK_SALA",AM8,IF(AO8="OK_SALB",AN8,IF(AU8="OK_11.5%",AT8,IF(AU8="OK_RCV",AS8,"Error en validación")))))),"No aplica") -> No aplica | BA8: =IF(ISNUMBER(AZ8),"OK_cálculo pago 1",AZ8) -> No aplica | BB8: =IF(AW8="OK_IC",AV8,IF(AY8="OK_SUMA",AX8,IF(AI8="OK_SM",AG8,IF(AI8="OK_UMA",AH8,IF(AO8="OK_SALA",AM8,IF(AO8="OK_SALB",AN8,IF(AU8="OK_11.5%",AT8,IF(AU8="OK_RCV",AS8,"Error en validación")))))))) -> 23464.2 | BC8: =IF(Z8="Error 1","No cuadran el Instructivo de Cobro y el monto de Cognos",IF(AND(AW8="Revisar Pendientes",AY8<>"OK_SUMA"),"Diferencia entre instructivo de cobro actual y de primer pago",IF(AI8<>"Error Validacion 1","Validación correcta",IF(OR(AO8="OK_SALA",AO8="OK_SALB"),"Validación correcta", IF(AU8="Error Validación 4", IF(AA8="Pago único","No cuadra el cálculo realizado contra Instructivo y Cognos","No cuadra cálculo realizado contra Instructivo"), "Validación correcta"))))) -> Validación correcta | BD8: =IF(BC8="Validación correcta","Ningún comentario",IF(BC8="No cuadran el Instructivo de Cobro y el monto de Cognos","Inconsistencia en los datos de origen","Inconsistencia entre datos de origen y cálculo")) -> Ningún comentario | BE8: Actual | BF8: Procesado
A9: 8000251234 | B9: 3200043721 | C9: RETIRO DE AYUDA PARA GASTOS DE MATRIMONIO IMSS | D9: ACEPTADO MC | E9: 44120.523 | F9: 2606.4 | G9: 0 | H9: 24907424667 | I9: ROCR741221HSRBNF07 | J9: RETIRO PARCIAL IMSS | K9: Titular/Trabajador | L9: ROCR741221HSRBNF07 | M9: HERMOSILLO | N9: 20201016 12:27:20 | T9: 1 | U9: 95332930605332 | W9: 202010161220420033 | Y9: 2606.4 | Z9: =IF(Y9=F9,"OK","Error 1") -> OK | AA9: Pago único | AC9: =IF(AA9="Pago 1",AB9+Y9,"0") -> 0 | AD9: 44109 | AE9: =IF(V9="SUBSECUENTE","No aplica",VLOOKUP(YEAR(AD9),'SALARIO MINIMO'!A1:B100,2,FALSE)) -> 123.22 | AF9: =IF(V9="SUBSECUENTE","No aplica",IF(YEAR(AD9)=2016,VLOOKUP(YEAR(AD9),UMA!A1:B100,2,FALSE),IF(MONTH(AD9)=1,VLOOKUP((YEAR(AD9))-1,UMA!A1:B100,2,FALSE),VLOOKUP(YEAR(AD9),UMA!A1:B100,2,FALSE)))) -> 86.88 | AG9: =IF(V9="SUBSECUENTE","No aplica",IFERROR(IF(SEARCH("desempleo",C9),AE9*30*10),AE9*30)) -> 3696.6 | AH9: =IF(V9="SUBSECUENTE","No aplica",IFERROR(IF(SEARCH("desempleo",C9),AF9*30*10),AF9*30)) -> 2606.4 | AI9: =IF(V9="SUBSECUENTE","No aplica",IF(AA9="Pago único",IF(AG9=Y9,"OK_SM",IF(AH9=Y9,"OK_UMA","Error Validacion 1")),IF(AG9=AC9,"OK_SM",IF(AH9=AC9,"OK_UMA","Error Validacion 1")))) -> OK_UMA | AJ9: =N9 -> 20201016 12:27:20 | AK9: 2606.4 | AL9: 0 | AM9: =IF(C9="RETIRO POR MATRIMONIO IMSS", 0,AK9*30) -> 78192 | AN9: =IF(C9="RETIRO POR MATRIMONIO IMSS", 0,AL9*90) -> 0 | AO9: =IF(V9="SUBSECUENTE","No aplica",IF(AA9="Pago único",IF(AM9=Y9,"OK_SALA",IF(AN9=Y9,"OK_SALB","Revisar_11.5%")),IF(AM9=AC9,"OK_SALA",IF(AN9=AC9,"OK_SALB","Revisar_11.5%")))) -> Revisar_11.5% | AP9: 28749.079 | AQ9: PROF-70 | AR9: 10.849608 | AS9: =AP9*AR9 -> 311916.24 | AT9: =IF(V9="SUBSECUENTE","No aplica",IF(AO9="OK_SALA","SAL_A",IF(AO9="OK_SALB","SAL_B",IF(AO9="Revisar_11.5%",AS9*0.115,"Error Validación 2")))) -> 35870.367 | AU9: =IF(V9="SUBSECUENTE","No aplica",IF(AA9="Pago único",IF(AT9<>"SAL_A",IF(ABS(AT9-Y9)<0.02,"OK_11.5%",IF(ABS(AS9-Y9)<0.02,"OK_RCV","Error Validación 4")),"SAL_A"),IF(AT9<>"SAL_A",IF(ABS(AT9-AC9)<0.02,"OK_11.5%",IF(ABS(AS9-AC9)<0.02,"OK_RCV","Error Validación 4")),"SAL_A"))) -> Error Validación 4 | AW9: =IF(V9="SUBSECUENTE",IF(AV9=Y9,"OK_IC","Revisar Pendientes"),"") | AY9: =IF(V9="SUBSECUENTES","No aplica",IF(AX9=Y9,"OK_SUMA","Diferencia pagos en curso")) -> Diferencia pagos en curso | AZ9: =IF(AA9="Pago 1",IF(AI9="OK_SM",AG9,IF(AI9="OK_UMA",AH9,IF(AO9="OK_SALA",AM9,IF(AO9="OK_SALB",AN9,IF(AU9="OK_11.5%",AT9,IF(AU9="OK_RCV",AS9,"Error en validación")))))),"No aplica") -> No aplica | BA9: =IF(ISNUMBER(AZ9),"OK_cálculo pago 1",AZ9) -> No aplica | BB9: =IF(AW9="OK_IC",AV9,IF(AY9="OK_SUMA",AX9,IF(AI9="OK_SM",AG9,IF(AI9="OK_UMA",AH9,IF(AO9="OK_SALA",AM9,IF(AO9="OK_SALB",AN9,IF(AU9="OK_11.5%",AT9,IF(AU9="OK_RCV",AS9,"Error en validación")))))))) -> 2606.4 | BC9: =IF(Z9="Error 1","No cuadran el Instructivo de Cobro y el monto de Cognos",IF(AND(AW9="Revisar Pendientes",AY9<>"OK_SUMA"),"Diferencia entre instructivo de cobro actual y de primer pago",IF(AI9<>"Error Validacion 1","Validación correcta",IF(OR(AO9="OK_SALA",AO9="OK_SALB"),"Validación correcta", IF(AU9="Error Validación 4", IF(AA9="Pago único","No cuadra el cálculo realizado contra Instructivo y Cognos","No cuadra cálculo realizado contra Instructivo"), "Validación correcta"))))) -> Validación correcta | BD9: =IF(BC9="Validación correcta","Ningún comentario",IF(BC9="No cuadran el Instructivo de Cobro y el monto de Cognos","Inconsistencia en los datos de origen","Inconsistencia entre datos de origen y cálculo")) -> Ningún comentario | BE9: Actual | BF9: Procesado
A10: 8000251394 | B10: 0550906892 | C10: RETIRO POR DESEMPLEO IMSS | D10: CON IMAGENES COMPLETAS | E10: 44120.553 | F10: 6870.6 | G10: 0 | H10: 56927464364 | I10: GAGF751115HJCLZR06 | J10: RETIRO PARCIAL IMSS | K10: Titular/Trabajador | L10: GAGF751115HJCLZR06 | M10: GUADALAJARA | N10: 20201016 13:08:35 | T10: 1 | U10: 85654536756332 | W10: 202010161300090260 | Y10: 6870.6 | Z10: =IF(Y10=F10,"OK","Error 1") -> OK | AA10: Pago único | AC10: =IF(AA10="Pago 1",AB10+Y10,"0") -> 0 | AD10: 44120 | AE10: =IF(V10="SUBSECUENTE","No aplica",VLOOKUP(YEAR(AD10),'SALARIO MINIMO'!A1:B100,2,FALSE)) -> 123.22 | AF10: =IF(V10="SUBSECUENTE","No aplica",IF(YEAR(AD10)=2016,VLOOKUP(YEAR(AD10),UMA!A1:B100,2,FALSE),IF(MONTH(AD10)=1,VLOOKUP((YEAR(AD10))-1,UMA!A1:B100,2,FALSE),VLOOKUP(YEAR(AD10),UMA!A1:B100,2,FALSE)))) -> 86.88 | AG10: =IF(V10="SUBSECUENTE","No aplica",IFERROR(IF(SEARCH("desempleo",C10),AE10*30*10),AE10*30)) -> 36966 | AH10: =IF(V10="SUBSECUENTE","No aplica",IFERROR(IF(SEARCH("desempleo",C10),AF10*30*10),AF10*30)) -> 26064 | AI10: =IF(V10="SUBSECUENTE","No aplica",IF(AA10="Pago único",IF(AG10=Y10,"OK_SM",IF(AH10=Y10,"OK_UMA","Error Validacion 1")),IF(AG10=AC10,"OK_SM",IF(AH10=AC10,"OK_UMA","Error Validacion 1")))) -> Error Validacion 1 | AJ10: =N10 -> 20201016 13:08:35 | AK10: 229.02 | AL10: 98.98 | AM10: =IF(C10="RETIRO POR MATRIMONIO IMSS", 0,AK10*30) -> 6870.6 | AN10: =IF(C10="RETIRO POR MATRIMONIO IMSS", 0,AL10*90) -> 8908.2 | AO10: =IF(V10="SUBSECUENTE","No aplica",IF(AA10="Pago único",IF(AM10=Y10,"OK_SALA",IF(AN10=Y10,"OK_SALB","Revisar_11.5%")),IF(AM10=AC10,"OK_SALA",IF(AN10=AC10,"OK_SALB","Revisar_11.5%")))) -> OK_SALA | AP10: 1364.4191 | AQ10: PROF-75 | AR10: 12.09101 | AS10: =AP10*AR10 -> 16497.205 | AT10: =IF(V10="SUBSECUENTE","No aplica",IF(AO10="OK_SALA","SAL_A",IF(AO10="OK_SALB","SAL_B",IF(AO10="Revisar_11.5%",AS10*0.115,"Error Validación 2")))) -> SAL_A | AU10: =IF(V10="SUBSECUENTE","No aplica",IF(AA10="Pago único",IF(AT10<>"SAL_A",IF(ABS(AT10-Y10)<0.02,"OK_11.5%",IF(ABS(AS10-Y10)<0.02,"OK_RCV","Error Validación 4")),"SAL_A"),IF(AT10<>"SAL_A",IF(ABS(AT10-AC10)<0.02,"OK_11.5%",IF(ABS(AS10-AC10)<0.02,"OK_RCV","Error Validación 4")),"SAL_A"))) -> SAL_A | AW10: =IF(V10="SUBSECUENTE",IF(AV10=Y10,"OK_IC","Revisar Pendientes"),"") | AY10: =IF(V10="SUBSECUENTES","No aplica",IF(AX10=Y10,"OK_SUMA","Diferencia pagos en curso")) -> Diferencia pagos en curso | AZ10: =IF(AA10="Pago 1",IF(AI10="OK_SM",AG10,IF(AI10="OK_UMA",AH10,IF(AO10="OK_SALA",AM10,IF(AO10="OK_SALB",AN10,IF(AU10="OK_11.5%",AT10,IF(AU10="OK_RCV",AS10,"Error en validación")))))),"No aplica") -> No aplica | BA10: =IF(ISNUMBER(AZ10),"OK_cálculo pago 1",AZ10) -> No aplica | BB10: =IF(AW10="OK_IC",AV10,IF(AY10="OK_SUMA",AX10,IF(AI10="OK_SM",AG10,IF(AI10="OK_UMA",AH10,IF(AO10="OK_SALA",AM10,IF(AO10="OK_SALB",AN10,IF(AU10="OK_11.5%",AT10,IF(AU10="OK_RCV",AS10,"Error en validación")))))))) -> 6870.6 | BC10: =IF(Z10="Error 1","No cuadran el Instructivo de Cobro y el monto de Cognos",IF(AND(AW10="Revisar Pendientes",AY10<>"OK_SUMA"),"Diferencia entre instructivo de cobro actual y de primer pago",IF(AI10<>"Error Validacion 1","Validación correcta",IF(OR(AO10="OK_SALA",AO10="OK_SALB"),"Validación correcta", IF(AU10="Error Validación 4", IF(AA10="Pago único","No cuadra el cálculo realizado contra Instructivo y Cognos","No cuadra cálculo realizado contra Instructivo"), "Validación correcta"))))) -> Validación correcta | BD10: =IF(BC10="Validación correcta","Ningún comentario",IF(BC10="No cuadran el Instructivo de Cobro y el monto de Cognos","Inconsistencia en los datos de origen","Inconsistencia entre datos de origen y cálculo")) -> Ningún comentario | BE10: Actual | BF10: Procesado
A11: 8000251522 | B11: 1840007958 | C11: RETIRO POR DESEMPLEO IMSS | D11: CON IMAGENES COMPLETAS | E11: 44120.605 | F11: 7575.6 | G11: 0 | H11: 20047400179 | I11: AIAP740402MSRBNT08 | J11: RETIRO PARCIAL IMSS | K11: Titular/Trabajador | L11: AIAP740402MSRBNT08 | M11: TIJUANA | N11: 20201016 14:27:43 | T11: 1 | U11: 69583883594481 | W11: 202010161412524139 | Y11: 7575.6 | Z11: =IF(Y11=F11,"OK","Error 1") -> OK | AA11: Pago único | AC11: =IF(AA11="Pago 1",AB11+Y11,"0") -> 0 | AD11: 44120 | AE11: =IF(V11="SUBSECUENTE","No aplica",VLOOKUP(YEAR(AD11),'SALARIO MINIMO'!A1:B100,2,FALSE)) -> 123.22 | AF11: =IF(V11="SUBSECUENTE","No aplica",IF(YEAR(AD11)=2016,VLOOKUP(YEAR(AD11),UMA!A1:B100,2,FALSE),IF(MONTH(AD11)=1,VLOOKUP((YEAR(AD11))-1,UMA!A1:B100,2,FALSE),VLOOKUP(YEAR(AD11),UMA!A1:B100,2,FALSE)))) -> 86.88 | AG11: =IF(V11="SUBSECUENTE","No aplica",IFERROR(IF(SEARCH("desempleo",C11),AE11*30*10),AE11*30)) -> 36966 | AH11: =IF(V11="SUBSECUENTE","No aplica",IFERROR(IF(SEARCH("desempleo",C11),AF11*30*10),AF11*30)) -> 26064 | AI11: =IF(V11="SUBSECUENTE","No aplica",IF(AA11="Pago único",IF(AG11=Y11,"OK_SM",IF(AH11=Y11,"OK_UMA","Error Validacion 1")),IF(AG11=AC11,"OK_SM",IF(AH11=AC11,"OK_UMA","Error Validacion 1")))) -> Error Validacion 1 | AJ11: =N11 -> 20201016 14:27:43 | AK11: 252.52 | AL11: 166.24 | AM11: =IF(C11="RETIRO POR MATRIMONIO IMSS", 0,AK11*30) -> 7575.6 | AN11: =IF(C11="RETIRO POR MATRIMONIO IMSS", 0,AL11*90) -> 14961.6 | AO11: =IF(V11="SUBSECUENTE","No aplica",IF(AA11="Pago único",IF(AM11=Y11,"OK_SALA",IF(AN11=Y11,"OK_SALB","Revisar_11.5%")),IF(AM11=AC11,"OK_SALA",IF(AN11=AC11,"OK_SALB","Revisar_11.5%")))) -> OK_SALA | AP11: 3023.418 | AQ11: PROF-70 | AR11: 10.849608 | AS11: =AP11*AR11 -> 32802.901 | AT11: =IF(V11="SUBSECUENTE","No aplica",IF(AO11="OK_SALA","SAL_A",IF(AO11="OK_SALB","SAL_B",IF(AO11="Revisar_11.5%",AS11*0.115,"Error Validación 2")))) -> SAL_A | AU11: =IF(V11="SUBSECUENTE","No aplica",IF(AA11="Pago único",IF(AT11<>"SAL_A",IF(ABS(AT11-Y11)<0.02,"OK_11.5%",IF(ABS(AS11-Y11)<0.02,"OK_RCV","Error Validación 4")),"SAL_A"),IF(AT11<>"SAL_A",IF(ABS(AT11-AC11)<0.02,"OK_11.5%",IF(ABS(AS11-AC11)<0.02,"OK_RCV","Error Validación 4")),"SAL_A"))) -> SAL_A | AW11: =IF(V11="SUBSECUENTE",IF(AV11=Y11,"OK_IC","Revisar Pendientes"),"") | AY11: =IF(V11="SUBSECUENTES","No aplica",IF(AX11=Y11,"OK_SUMA","Diferencia pagos en curso")) -> Diferencia pagos en curso | AZ11: =IF(AA11="Pago 1",IF(AI11="OK_SM",AG11,IF(AI11="OK_UMA",AH11,IF(AO11="OK_SALA",AM11,IF(AO11="OK_SALB",AN11,IF(AU11="OK_11.5%",AT11,IF(AU11="OK_RCV",AS11,"Error en validación")))))),"No aplica") -> No aplica | BA11: =IF(ISNUMBER(AZ11),"OK_cálculo pago 1",AZ11) -> No aplica | BB11: =IF(AW11="OK_IC",AV11,IF(AY11="OK_SUMA",AX11,IF(AI11="OK_SM",AG11,IF(AI11="OK_UMA",AH11,IF(AO11="OK_SALA",AM11,IF(AO11="OK_SALB",AN11,IF(AU11="OK_11.5%",AT11,IF(AU11="OK_RCV",AS11,"Error en validación")))))))) -> 7575.6 | BC11: =IF(Z11="Error 1","No cuadran el Instructivo de Cobro y el monto de Cognos",IF(AND(AW11="Revisar Pendientes",AY11<>"OK_SUMA"),"Diferencia entre instructivo de cobro actual y de primer pago",IF(AI11<>"Error Validacion 1","Validación correcta",IF(OR(AO11="OK_SALA",AO11="OK_SALB"),"Validación correcta", IF(AU11="Error Validación 4", IF(AA11="Pago único","No cuadra el cálculo realizado contra Instructivo y Cognos","No cuadra cálculo realizado contra Instructivo"), "Validación correcta"))))) -> Validación correcta | BD11: =IF(BC11="Validación correcta","Ningún comentario",IF(BC11="No cuadran el Instructivo de Cobro y el monto de Cognos","Inconsistencia en los datos de origen","Inconsistencia entre datos de origen y cálculo")) -> Ningún comentario | BE11: Actual | BF11: Procesado
A12: 8000250751 | B12: 1100031358 | C12: RETIRO POR DESEMPLEO IMSS | D12: CON IMAGENES COMPLETAS | E12: 44120.425 | F12: 26064 | G12: 0 | H12: 39967827229 | I12: VILN780712MDFLPN05 | J12: RETIRO PARCIAL IMSS | K12: Titular/Trabajador | L12: VILN780712MDFLPN05 | M12: GUADALAJARA | N12: 20201016 10:04:20 | T12: 1 | U12: 40580681201763 | W12: 202010160956550376 | Y12: 26064 | Z12: =IF(Y12=F12,"OK","Error 1") -> OK | AA12: Pago único | AC12: =IF(AA12="Pago 1",AB12+Y12,"0") -> 0 | AD12: 44120 | AE12: =IF(V12="SUBSECUENTE","No aplica",VLOOKUP(YEAR(AD12),'SALARIO MINIMO'!A1:B100,2,FALSE)) -> 123.22 | AF12: =IF(V12="SUBSECUENTE","No aplica",IF(YEAR(AD12)=2016,VLOOKUP(YEAR(AD12),UMA!A1:B100,2,FALSE),IF(MONTH(AD12)=1,VLOOKUP((YEAR(AD12))-1,UMA!A1:B100,2,FALSE),VLOOKUP(YEAR(AD12),UMA!A1:B100,2,FALSE)))) -> 86.88 | AG12: =IF(V12="SUBSECUENTE","No aplica",IFERROR(IF(SEARCH("desempleo",C12),AE12*30*10),AE12*30)) -> 36966 | AH12: =IF(V12="SUBSECUENTE","No aplica",IFERROR(IF(SEARCH("desempleo",C12),AF12*30*10),AF12*30)) -> 26064 | AI12: =IF(V12="SUBSECUENTE","No aplica",IF(AA12="Pago único",IF(AG12=Y12,"OK_SM",IF(AH12=Y12,"OK_UMA","Error Validacion 1")),IF(AG12=AC12,"OK_SM",IF(AH12=AC12,"OK_UMA","Error Validacion 1")))) -> OK_UMA | AJ12: =N12 -> 20201016 10:04:20 | AK12: 896.59 | AL12: 653.49 | AM12: =IF(C12="RETIRO POR MATRIMONIO IMSS", 0,AK12*30) -> 26897.7 | AN12: =IF(C12="RETIRO POR MATRIMONIO IMSS", 0,AL12*90) -> 58814.1 | AO12: =IF(V12="SUBSECUENTE","No aplica",IF(AA12="Pago único",IF(AM12=Y12,"OK_SALA",IF(AN12=Y12,"OK_SALB","Revisar_11.5%")),IF(AM12=AC12,"OK_SALA",IF(AN12=AC12,"OK_SALB","Revisar_11.5%")))) -> Revisar_11.5% | AP12: 13166.31 | AQ12: PROF-75 | AR12: 12.09101 | AS12: =AP12*AR12 -> 159193.99 | AT12: =IF(V12="SUBSECUENTE","No aplica",IF(AO12="OK_SALA","SAL_A",IF(AO12="OK_SALB","SAL_B",IF(AO12="Revisar_11.5%",AS12*0.115,"Error Validación 2")))) -> 18307.309 | AU12: =IF(V12="SUBSECUENTE","No aplica",IF(AA12="Pago único",IF(AT12<>"SAL_A",IF(ABS(AT12-Y12)<0.02,"OK_11.5%",IF(ABS(AS12-Y12)<0.02,"OK_RCV","Error Validación 4")),"SAL_A"),IF(AT12<>"SAL_A",IF(ABS(AT12-AC12)<0.02,"OK_11.5%",IF(ABS(AS12-AC12)<0.02,"OK_RCV","Error Validación 4")),"SAL_A"))) -> Error Validación 4 | AW12: =IF(V12="SUBSECUENTE",IF(AV12=Y12,"OK_IC","Revisar Pendientes"),"") | AY12: =IF(V12="SUBSECUENTES","No aplica",IF(AX12=Y12,"OK_SUMA","Diferencia pagos en curso")) -> Diferencia pagos en curso | AZ12: =IF(AA12="Pago 1",IF(AI12="OK_SM",AG12,IF(AI12="OK_UMA",AH12,IF(AO12="OK_SALA",AM12,IF(AO12="OK_SALB",AN12,IF(AU12="OK_11.5%",AT12,IF(AU12="OK_RCV",AS12,"Error en validación")))))),"No aplica") -> No aplica | BA12: =IF(ISNUMBER(AZ12),"OK_cálculo pago 1",AZ12) -> No aplica | BB12: =IF(AW12="OK_IC",AV12,IF(AY12="OK_SUMA",AX12,IF(AI12="OK_SM",AG12,IF(AI12="OK_UMA",AH12,IF(AO12="OK_SALA",AM12,IF(AO12="OK_SALB",AN12,IF(AU12="OK_11.5%",AT12,IF(AU12="OK_RCV",AS12,"Error en validación")))))))) -> 26064 | BC12: =IF(Z12="Error 1","No cuadran el Instructivo de Cobro y el monto de Cognos",IF(AND(AW12="Revisar Pendientes",AY12<>"OK_SUMA"),"Diferencia entre instructivo de cobro actual y de primer pago",IF(AI12<>"Error Validacion 1","Validación correcta",IF(OR(AO12="OK_SALA",AO12="OK_SALB"),"Validación correcta", IF(AU12="Error Validación 4", IF(AA12="Pago único","No cuadra el cálculo realizado contra Instructivo y Cognos","No cuadra cálculo realizado contra Instructivo"), "Validación correcta"))))) -> Validación correcta | BD12: =IF(BC12="Validación correcta","Ningún comentario",IF(BC12="No cuadran el Instructivo de Cobro y el monto de Cognos","Inconsistencia en los datos de origen","Inconsistencia entre datos de origen y cálculo")) -> Ningún comentario | BE12: Actual | BF12: Procesado
A13: 8000250604 | B13: 3300159793 | C13: RETIRO DE AYUDA PARA GASTOS DE MATRIMONIO IMSS | D13: ACEPTADO MC | E13: 44120.353 | F13: 2606.4 | G13: 0 | H13: 92109236445 | I13: BEHK920812MDFRRR01 | J13: RETIRO PARCIAL IMSS | K13: Titular/Trabajador | L13: BEHK920812MDFRRR01 | M13: TOLUCA | N13: 20201016 08:16:58 | T13: 1 | U13: 37553098727553 | W13: 202010160812170001 | Y13: 2606.4 | Z13: =IF(Y13=F13,"OK","Error 1") -> OK | AA13: Pago único | AC13: =IF(AA13="Pago 1",AB13+Y13,"0") -> 0 | AD13: 44106 | AE13: =IF(V13="SUBSECUENTE","No aplica",VLOOKUP(YEAR(AD13),'SALARIO MINIMO'!A1:B100,2,FALSE)) -> 123.22 | AF13: =IF(V13="SUBSECUENTE","No aplica",IF(YEAR(AD13)=2016,VLOOKUP(YEAR(AD13),UMA!A1:B100,2,FALSE),IF(MONTH(AD13)=1,VLOOKUP((YEAR(AD13))-1,UMA!A1:B100,2,FALSE),VLOOKUP(YEAR(AD13),UMA!A1:B100,2,FALSE)))) -> 86.88 | AG13: =IF(V13="SUBSECUENTE","No aplica",IFERROR(IF(SEARCH("desempleo",C13),AE13*30*10),AE13*30)) -> 3696.6 | AH13: =IF(V13="SUBSECUENTE","No aplica",IFERROR(IF(SEARCH("desempleo",C13),AF13*30*10),AF13*30)) -> 2606.4 | AI13: =IF(V13="SUBSECUENTE","No aplica",IF(AA13="Pago único",IF(AG13=Y13,"OK_SM",IF(AH13=Y13,"OK_UMA","Error Validacion 1")),IF(AG13=AC13,"OK_SM",IF(AH13=AC13,"OK_UMA","Error Validacion 1")))) -> OK_UMA | AJ13: =N13 -> 20201016 08:16:58 | AK13: 2606.4 | AL13: 0 | AM13: =IF(C13="RETIRO POR MATRIMONIO IMSS", 0,AK13*30) -> 78192 | AN13: =IF(C13="RETIRO POR MATRIMONIO IMSS", 0,AL13*90) -> 0 | AO13: =IF(V13="SUBSECUENTE","No aplica",IF(AA13="Pago único",IF(AM13=Y13,"OK_SALA",IF(AN13=Y13,"OK_SALB","Revisar_11.5%")),IF(AM13=AC13,"OK_SALA",IF(AN13=AC13,"OK_SALB","Revisar_11.5%")))) -> Revisar_11.5% | AP13: 7184.0364 | AQ13: PROF-90 | AR13: 13.148607 | AS13: =AP13*AR13 -> 94460.071 | AT13: =IF(V13="SUBSECUENTE","No aplica",IF(AO13="OK_SALA","SAL_A",IF(AO13="OK_SALB","SAL_B",IF(AO13="Revisar_11.5%",AS13*0.115,"Error Validación 2")))) -> 10862.908 | AU13: =IF(V13="SUBSECUENTE","No aplica",IF(AA13="Pago único",IF(AT13<>"SAL_A",IF(ABS(AT13-Y13)<0.02,"OK_11.5%",IF(ABS(AS13-Y13)<0.02,"OK_RCV","Error Validación 4")),"SAL_A"),IF(AT13<>"SAL_A",IF(ABS(AT13-AC13)<0.02,"OK_11.5%",IF(ABS(AS13-AC13)<0.02,"OK_RCV","Error Validación 4")),"SAL_A"))) -> Error Validación 4 | AW13: =IF(V13="SUBSECUENTE",IF(AV13=Y13,"OK_IC","Revisar Pendientes"),"") | AY13: =IF(V13="SUBSECUENTES","No aplica",IF(AX13=Y13,"OK_SUMA","Diferencia pagos en curso")) -> Diferencia pagos en curso | AZ13: =IF(AA13="Pago 1",IF(AI13="OK_SM",AG13,IF(AI13="OK_UMA",AH13,IF(AO13="OK_SALA",AM13,IF(AO13="OK_SALB",AN13,IF(AU13="OK_11.5%",AT13,IF(AU13="OK_RCV",AS13,"Error en validación")))))),"No aplica") -> No aplica | BA13: =IF(ISNUMBER(AZ13),"OK_cálculo pago 1",AZ13) -> No aplica | BB13: =IF(AW13="OK_IC",AV13,IF(AY13="OK_SUMA",AX13,IF(AI13="OK_SM",AG13,IF(AI13="OK_UMA",AH13,IF(AO13="OK_SALA",AM13,IF(AO13="OK_SALB",AN13,IF(AU13="OK_11.5%",AT13,IF(AU13="OK_RCV",AS13,"Error en validación")))))))) -> 2606.4 | BC13: =IF(Z13="Error 1","No cuadran el Instructivo de Cobro y el monto de Cognos",IF(AND(AW13="Revisar Pendientes",AY13<>"OK_SUMA"),"Diferencia entre instructivo de cobro actual y de primer pago",IF(AI13<>"Error Validacion 1","Validación correcta",IF(OR(AO13="OK_SALA",AO13="OK_SALB"),"Validación correcta", IF(AU13="Error Validación 4", IF(AA13="Pago único","No cuadra el cálculo realizado contra Instructivo y Cognos","No cuadra cálculo realizado contra Instructivo"), "Validación correcta"))))) -> Validación correcta | BD13: =IF(BC13="Validación correcta","Ningún comentario",IF(BC13="No cuadran el Instructivo de Cobro y el monto de Cognos","Inconsistencia en los datos de origen","Inconsistencia entre datos de origen y cálculo")) -> Ningún comentario | BE13: Actual | BF13: Procesado
A14: 8000250677 | B14: 3300030382 | C14: RETIRO POR DESEMPLEO IMSS | D14: CON IMAGENES COMPLETAS | E14: 44120.357 | F14: 17699.1 | G14: 0 | H14: 04119008219 | I14: HERA901009HJCRDL03 | J14: RETIRO PARCIAL IMSS | K14: Titular/Trabajador | L14: HERA901009HJCRDL03 | M14: GUADALAJARA | N14: 20201016 08:29:46 | T14: 1 | U14: 34738452496399 | W14: 202010160822410110 | Y14: 17699.1 | Z14: =IF(Y14=F14,"OK","Error 1") -> OK | AA14: Pago único | AC14: =IF(AA14="Pago 1",AB14+Y14,"0") -> 0 | AD14: 44120 | AE14: =IF(V14="SUBSECUENTE","No aplica",VLOOKUP(YEAR(AD14),'SALARIO MINIMO'!A1:B100,2,FALSE)) -> 123.22 | AF14: =IF(V14="SUBSECUENTE","No aplica",IF(YEAR(AD14)=2016,VLOOKUP(YEAR(AD14),UMA!A1:B100,2,FALSE),IF(MONTH(AD14)=1,VLOOKUP((YEAR(AD14))-1,UMA!A1:B100,2,FALSE),VLOOKUP(YEAR(AD14),UMA!A1:B100,2,FALSE)))) -> 86.88 | AG14: =IF(V14="SUBSECUENTE","No aplica",IFERROR(IF(SEARCH("desempleo",C14),AE14*30*10),AE14*30)) -> 36966 | AH14: =IF(V14="SUBSECUENTE","No aplica",IFERROR(IF(SEARCH("desempleo",C14),AF14*30*10),AF14*30)) -> 26064 | AI14: =IF(V14="SUBSECUENTE","No aplica",IF(AA14="Pago único",IF(AG14=Y14,"OK_SM",IF(AH14=Y14,"OK_UMA","Error Validacion 1")),IF(AG14=AC14,"OK_SM",IF(AH14=AC14,"OK_UMA","Error Validacion 1")))) -> Error Validacion 1 | AJ14: =N14 -> 20201016 08:29:46 | AK14: 589.97 | AL14: 495.66 | AM14: =IF(C14="RETIRO POR MATRIMONIO IMSS", 0,AK14*30) -> 17699.1 | AN14: =IF(C14="RETIRO POR MATRIMONIO IMSS", 0,AL14*90) -> 44609.4 | AO14: =IF(V14="SUBSECUENTE","No aplica",IF(AA14="Pago único",IF(AM14=Y14,"OK_SALA",IF(AN14=Y14,"OK_SALB","Revisar_11.5%")),IF(AM14=AC14,"OK_SALA",IF(AN14=AC14,"OK_SALB","Revisar_11.5%")))) -> OK_SALA | AP14: 4576.2659 | AQ14: PROF-90 | AR14: 13.148607 | AS14: =AP14*AR14 -> 60171.522 | AT14: =IF(V14="SUBSECUENTE","No aplica",IF(AO14="OK_SALA","SAL_A",IF(AO14="OK_SALB","SAL_B",IF(AO14="Revisar_11.5%",AS14*0.115,"Error Validación 2")))) -> SAL_A | AU14: =IF(V14="SUBSECUENTE","No aplica",IF(AA14="Pago único",IF(AT14<>"SAL_A",IF(ABS(AT14-Y14)<0.02,"OK_11.5%",IF(ABS(AS14-Y14)<0.02,"OK_RCV","Error Validación 4")),"SAL_A"),IF(AT14<>"SAL_A",IF(ABS(AT14-AC14)<0.02,"OK_11.5%",IF(ABS(AS14-AC14)<0.02,"OK_RCV","Error Validación 4")),"SAL_A"))) -> SAL_A | AW14: =IF(V14="SUBSECUENTE",IF(AV14=Y14,"OK_IC","Revisar Pendientes"),"") | AY14: =IF(V14="SUBSECUENTES","No aplica",IF(AX14=Y14,"OK_SUMA","Diferencia pagos en curso")) -> Diferencia pagos en curso | AZ14: =IF(AA14="Pago 1",IF(AI14="OK_SM",AG14,IF(AI14="OK_UMA",AH14,IF(AO14="OK_SALA",AM14,IF(AO14="OK_SALB",AN14,IF(AU14="OK_11.5%",AT14,IF(AU14="OK_RCV",AS14,"Error en validación")))))),"No aplica") -> No aplica | BA14: =IF(ISNUMBER(AZ14),"OK_cálculo pago 1",AZ14) -> No aplica | BB14: =IF(AW14="OK_IC",AV14,IF(AY14="OK_SUMA",AX14,IF(AI14="OK_SM",AG14,IF(AI14="OK_UMA",AH14,IF(AO14="OK_SALA",AM14,IF(AO14="OK_SALB",AN14,IF(AU14="OK_11.5%",AT14,IF(AU14="OK_RCV",AS14,"Error en validación")))))))) -> 17699.1 | BC14: =IF(Z14="Error 1","No cuadran el Instructivo de Cobro y el monto de Cognos",IF(AND(AW14="Revisar Pendientes",AY14<>"OK_SUMA"),"Diferencia entre instructivo de cobro actual y de primer pago",IF(AI14<>"Error Validacion 1","Validación correcta",IF(OR(AO14="OK_SALA",AO14="OK_SALB"),"Validación correcta", IF(AU14="Error Validación 4", IF(AA14="Pago único","No cuadra el cálculo realizado contra Instructivo y Cognos","No cuadra cálculo realizado contra Instructivo"), "Validación correcta"))))) -> Validación correcta | BD14: =IF(BC14="Validación correcta","Ningún comentario",IF(BC14="No cuadran el Instructivo de Cobro y el monto de Cognos","Inconsistencia en los datos de origen","Inconsistencia entre datos de origen y cálculo")) -> Ningún comentario | BE14: Actual | BF14: Procesado
A15: 8000251396 | B15: 2540024129 | C15: RETIRO DE AYUDA PARA GASTOS DE MATRIMONIO IMSS | D15: ACEPTADO MC | E15: 44120.59 | F15: 2606.4 | G15: 0 | H15: 09947207321 | I15: VAHV720130HCLLRC08 | J15: RETIRO PARCIAL IMSS | K15: Titular/Trabajador | L15: VAHV720130HCLLRC08 | M15: MONCLOVA | N15: 20201016 13:24:39 | T15: 1 | U15: 59877401249119 | W15: 202010161317410039 | Y15: 2606.4 | Z15: =IF(Y15=F15,"OK","Error 1") -> OK | AA15: Pago único | AC15: =IF(AA15="Pago 1",AB15+Y15,"0") -> 0 | AD15: 44056 | AE15: =IF(V15="SUBSECUENTE","No aplica",VLOOKUP(YEAR(AD15),'SALARIO MINIMO'!A1:B100,2,FALSE)) -> 123.22 | AF15: =IF(V15="SUBSECUENTE","No aplica",IF(YEAR(AD15)=2016,VLOOKUP(YEAR(AD15),UMA!A1:B100,2,FALSE),IF(MONTH(AD15)=1,VLOOKUP((YEAR(AD15))-1,UMA!A1:B100,2,FALSE),VLOOKUP(YEAR(AD15),UMA!A1:B100,2,FALSE)))) -> 86.88 | AG15: =IF(V15="SUBSECUENTE","No aplica",IFERROR(IF(SEARCH("desempleo",C15),AE15*30*10),AE15*30)) -> 3696.6 | AH15: =IF(V15="SUBSECUENTE","No aplica",IFERROR(IF(SEARCH("desempleo",C15),AF15*30*10),AF15*30)) -> 2606.4 | AI15: =IF(V15="SUBSECUENTE","No aplica",IF(AA15="Pago único",IF(AG15=Y15,"OK_SM",IF(AH15=Y15,"OK_UMA","Error Validacion 1")),IF(AG15=AC15,"OK_SM",IF(AH15=AC15,"OK_UMA","Error Validacion 1")))) -> OK_UMA | AJ15: =N15 -> 20201016 13:24:39 | AK15: 2606.4 | AL15: 0 | AM15: =IF(C15="RETIRO POR MATRIMONIO IMSS", 0,AK15*30) -> 78192 | AN15: =IF(C15="RETIRO POR MATRIMONIO IMSS", 0,AL15*90) -> 0 | AO15: =IF(V15="SUBSECUENTE","No aplica",IF(AA15="Pago único",IF(AM15=Y15,"OK_SALA",IF(AN15=Y15,"OK_SALB","Revisar_11.5%")),IF(AM15=AC15,"OK_SALA",IF(AN15=AC15,"OK_SALB","Revisar_11.5%")))) -> Revisar_11.5% | AP15: 71577.688 | AQ15: PROF-70 | AR15: 10.849608 | AS15: =AP15*AR15 -> 776589.86 | AT15: =IF(V15="SUBSECUENTE","No aplica",IF(AO15="OK_SALA","SAL_A",IF(AO15="OK_SALB","SAL_B",IF(AO15="Revisar_11.5%",AS15*0.115,"Error Validación 2")))) -> 89307.834 | AU15: =IF(V15="SUBSECUENTE","No aplica",IF(AA15="Pago único",IF(AT15<>"SAL_A",IF(ABS(AT15-Y15)<0.02,"OK_11.5%",IF(ABS(AS15-Y15)<0.02,"OK_RCV","Error Validación 4")),"SAL_A"),IF(AT15<>"SAL_A",IF(ABS(AT15-AC15)<0.02,"OK_11.5%",IF(ABS(AS15-AC15)<0.02,"OK_RCV","Error Validación 4")),"SAL_A"))) -> Error Validación 4 | AW15: =IF(V15="SUBSECUENTE",IF(AV15=Y15,"OK_IC","Revisar Pendientes"),"") | AY15: =IF(V15="SUBSECUENTES","No aplica",IF(AX15=Y15,"OK_SUMA","Diferencia pagos en curso")) -> Diferencia pagos en curso | AZ15: =IF(AA15="Pago 1",IF(AI15="OK_SM",AG15,IF(AI15="OK_UMA",AH15,IF(AO15="OK_SALA",AM15,IF(AO15="OK_SALB",AN15,IF(AU15="OK_11.5%",AT15,IF(AU15="OK_RCV",AS15,"Error en validación")))))),"No aplica") -> No aplica | BA15: =IF(ISNUMBER(AZ15),"OK_cálculo pago 1",AZ15) -> No aplica | BB15: =IF(AW15="OK_IC",AV15,IF(AY15="OK_SUMA",AX15,IF(AI15="OK_SM",AG15,IF(AI15="OK_UMA",AH15,IF(AO15="OK_SALA",AM15,IF(AO15="OK_SALB",AN15,IF(AU15="OK_11.5%",AT15,IF(AU15="OK_RCV",AS15,"Error en validación")))))))) -> 2606.4 | BC15: =IF(Z15="Error 1","No cuadran el Instructivo de Cobro y el monto de Cognos",IF(AND(AW15="Revisar Pendientes",AY15<>"OK_SUMA"),"Diferencia entre instructivo de cobro actual y de primer pago",IF(AI15<>"Error Validacion 1","Validación correcta",IF(OR(AO15="OK_SALA",AO15="OK_SALB"),"Validación correcta", IF(AU15="Error Validación 4", IF(AA15="Pago único","No cuadra el cálculo realizado contra Instructivo y Cognos","No cuadra cálculo realizado contra Instructivo"), "Validación correcta"))))) -> Validación correcta | BD15: =IF(BC15="Validación correcta","Ningún comentario",IF(BC15="No cuadran el Instructivo de Cobro y el monto de Cognos","Inconsistencia en los datos de origen","Inconsistencia entre datos de origen y cálculo")) -> Ningún comentario | BE15: Actual | BF15: Procesado
A16: 8000251457 | B16: 3300354654 | C16: RETIRO DE AYUDA PARA GASTOS DE MATRIMONIO IMSS | D16: CON IMAGENES COMPLETAS | E16: 44120.578 | F16: 2606.4 | G16: 0 | H16: 30119210265 | I16: HESL921127HDFRNS03 | J16: RETIRO PARCIAL IMSS | K16: Titular/Trabajador | L16: HESL921127HDFRNS03 | M16: MIXCOAC | N16: 20201016 13:44:50 | T16: 1 | U16: 75645953557216 | W16: 202010161341190042 | Y16: 2606.4 | Z16: =IF(Y16=F16,"OK","Error 1") -> OK | AA16: Pago único | AC16: =IF(AA16="Pago 1",AB16+Y16,"0") -> 0 | AD16: 44103 | AE16: =IF(V16="SUBSECUENTE","No aplica",VLOOKUP(YEAR(AD16),'SALARIO MINIMO'!A1:B100,2,FALSE)) -> 123.22 | AF16: =IF(V16="SUBSECUENTE","No aplica",IF(YEAR(AD16)=2016,VLOOKUP(YEAR(AD16),UMA!A1:B100,2,FALSE),IF(MONTH(AD16)=1,VLOOKUP((YEAR(AD16))-1,UMA!A1:B100,2,FALSE),VLOOKUP(YEAR(AD16),UMA!A1:B100,2,FALSE)))) -> 86.88 | AG16: =IF(V16="SUBSECUENTE","No aplica",IFERROR(IF(SEARCH("desempleo",C16),AE16*30*10),AE16*30)) -> 3696.6 | AH16: =IF(V16="SUBSECUENTE","No aplica",IFERROR(IF(SEARCH("desempleo",C16),AF16*30*10),AF16*30)) -> 2606.4 | AI16: =IF(V16="SUBSECUENTE","No aplica",IF(AA16="Pago único",IF(AG16=Y16,"OK_SM",IF(AH16=Y16,"OK_UMA","Error Validacion 1")),IF(AG16=AC16,"OK_SM",IF(AH16=AC16,"OK_UMA","Error Validacion 1")))) -> OK_UMA | AJ16: =N16 -> 20201016 13:44:50 | AK16: 2606.4 | AL16: 0 | AM16: =IF(C16="RETIRO POR MATRIMONIO IMSS", 0,AK16*30) -> 78192 | AN16: =IF(C16="RETIRO POR MATRIMONIO IMSS", 0,AL16*90) -> 0 | AO16: =IF(V16="SUBSECUENTE","No aplica",IF(AA16="Pago único",IF(AM16=Y16,"OK_SALA",IF(AN16=Y16,"OK_SALB","Revisar_11.5%")),IF(AM16=AC16,"OK_SALA",IF(AN16=AC16,"OK_SALB","Revisar_11.5%")))) -> Revisar_11.5% | AP16: 4575.5156 | AQ16: PROF-90 | AR16: 13.148607 | AS16: =AP16*AR16 -> 60161.656 | AT16: =IF(V16="SUBSECUENTE","No aplica",IF(AO16="OK_SALA","SAL_A",IF(AO16="OK_SALB","SAL_B",IF(AO16="Revisar_11.5%",AS16*0.115,"Error Validación 2")))) -> 6918.5905 | AU16: =IF(V16="SUBSECUENTE","No aplica",IF(AA16="Pago único",IF(AT16<>"SAL_A",IF(ABS(AT16-Y16)<0.02,"OK_11.5%",IF(ABS(AS16-Y16)<0.02,"OK_RCV","Error Validación 4")),"SAL_A"),IF(AT16<>"SAL_A",IF(ABS(AT16-AC16)<0.02,"OK_11.5%",IF(ABS(AS16-AC16)<0.02,"OK_RCV","Error Validación 4")),"SAL_A"))) -> Error Validación 4 | AW16: =IF(V16="SUBSECUENTE",IF(AV16=Y16,"OK_IC","Revisar Pendientes"),"") | AY16: =IF(V16="SUBSECUENTES","No aplica",IF(AX16=Y16,"OK_SUMA","Diferencia pagos en curso")) -> Diferencia pagos en curso | AZ16: =IF(AA16="Pago 1",IF(AI16="OK_SM",AG16,IF(AI16="OK_UMA",AH16,IF(AO16="OK_SALA",AM16,IF(AO16="OK_SALB",AN16,IF(AU16="OK_11.5%",AT16,IF(AU16="OK_RCV",AS16,"Error en validación")))))),"No aplica") -> No aplica | BA16: =IF(ISNUMBER(AZ16),"OK_cálculo pago 1",AZ16) -> No aplica | BB16: =IF(AW16="OK_IC",AV16,IF(AY16="OK_SUMA",AX16,IF(AI16="OK_SM",AG16,IF(AI16="OK_UMA",AH16,IF(AO16="OK_SALA",AM16,IF(AO16="OK_SALB",AN16,IF(AU16="OK_11.5%",AT16,IF(AU16="OK_RCV",AS16,"Error en validación")))))))) -> 2606.4 | BC16: =IF(Z16="Error 1","No cuadran el Instructivo de Cobro y el monto de Cognos",IF(AND(AW16="Revisar Pendientes",AY16<>"OK_SUMA"),"Diferencia entre instructivo de cobro actual y de primer pago",IF(AI16<>"Error Validacion 1","Validación correcta",IF(OR(AO16="OK_SALA",AO16="OK_SALB"),"Validación correcta", IF(AU16="Error Validación 4", IF(AA16="Pago único","No cuadra el cálculo realizado contra Instructivo y Cognos","No cuadra cálculo realizado contra Instructivo"), "Validación correcta"))))) -> Validación correcta | BD16: =IF(BC16="Validación correcta","Ningún comentario",IF(BC16="No cuadran el Instructivo de Cobro y el monto de Cognos","Inconsistencia en los datos de origen","Inconsistencia entre datos de origen y cálculo")) -> Ningún comentario | BE16: Actual | BF16: Procesado
A17: 8000250682 | B17: 3200650357 | C17: RETIRO POR DESEMPLEO IMSS | D17: CON IMAGENES COMPLETAS | E17: 44120.359 | F17: 15236.7 | G17: 0 | H17: 65078821405 | I17: MUGF880124HVZXNR01 | J17: RETIRO PARCIAL IMSS | K17: Titular/Trabajador | L17: MUGF880124HVZXNR01 | M17: VERACRUZ | N17: 20201016 08:28:58 | T17: 1 | U17: 82616750212668 | W17: 202010160823540123 | Y17: 15236.7 | Z17: =IF(Y17=F17,"OK","Error 1") -> OK | AA17: Pago único | AC17: =IF(AA17="Pago 1",AB17+Y17,"0") -> 0 | AD17: 44120 | AE17: =IF(V17="SUBSECUENTE","No aplica",VLOOKUP(YEAR(AD17),'SALARIO MINIMO'!A1:B100,2,FALSE)) -> 123.22 | AF17: =IF(V17="SUBSECUENTE","No aplica",IF(YEAR(AD17)=2016,VLOOKUP(YEAR(AD17),UMA!A1:B100,2,FALSE),IF(MONTH(AD17)=1,VLOOKUP((YEAR(AD17))-1,UMA!A1:B100,2,FALSE),VLOOKUP(YEAR(AD17),UMA!A1:B100,2,FALSE)))) -> 86.88 | AG17: =IF(V17="SUBSECUENTE","No aplica",IFERROR(IF(SEARCH("desempleo",C17),AE17*30*10),AE17*30)) -> 36966 | AH17: =IF(V17="SUBSECUENTE","No aplica",IFERROR(IF(SEARCH("desempleo",C17),AF17*30*10),AF17*30)) -> 26064 | AI17: =IF(V17="SUBSECUENTE","No aplica",IF(AA17="Pago único",IF(AG17=Y17,"OK_SM",IF(AH17=Y17,"OK_UMA","Error Validacion 1")),IF(AG17=AC17,"OK_SM",IF(AH17=AC17,"OK_UMA","Error Validacion 1")))) -> Error Validacion 1 | AJ17: =N17 -> 20201016 08:28:58 | AK17: 507.89 | AL17: 542.49 | AM17: =IF(C17="RETIRO POR MATRIMONIO IMSS", 0,AK17*30) -> 15236.7 | AN17: =IF(C17="RETIRO POR MATRIMONIO IMSS", 0,AL17*90) -> 48824.1 | AO17: =IF(V17="SUBSECUENTE","No aplica",IF(AA17="Pago único",IF(AM17=Y17,"OK_SALA",IF(AN17=Y17,"OK_SALB","Revisar_11.5%")),IF(AM17=AC17,"OK_SALA",IF(AN17=AC17,"OK_SALB","Revisar_11.5%")))) -> OK_SALA | AP17: 9937.8417 | AQ17: PROF-85 | AR17: 13.238638 | AS17: =AP17*AR17 -> 131563.49 | AT17: =IF(V17="SUBSECUENTE","No aplica",IF(AO17="OK_SALA","SAL_A",IF(AO17="OK_SALB","SAL_B",IF(AO17="Revisar_11.5%",AS17*0.115,"Error Validación 2")))) -> SAL_A | AU17: =IF(V17="SUBSECUENTE","No aplica",IF(AA17="Pago único",IF(AT17<>"SAL_A",IF(ABS(AT17-Y17)<0.02,"OK_11.5%",IF(ABS(AS17-Y17)<0.02,"OK_RCV","Error Validación 4")),"SAL_A"),IF(AT17<>"SAL_A",IF(ABS(AT17-AC17)<0.02,"OK_11.5%",IF(ABS(AS17-AC17)<0.02,"OK_RCV","Error Validación 4")),"SAL_A"))) -> SAL_A | AW17: =IF(V17="SUBSECUENTE",IF(AV17=Y17,"OK_IC","Revisar Pendientes"),"") | AY17: =IF(V17="SUBSECUENTES","No aplica",IF(AX17=Y17,"OK_SUMA","Diferencia pagos en curso")) -> Diferencia pagos en curso | AZ17: =IF(AA17="Pago 1",IF(AI17="OK_SM",AG17,IF(AI17="OK_UMA",AH17,IF(AO17="OK_SALA",AM17,IF(AO17="OK_SALB",AN17,IF(AU17="OK_11.5%",AT17,IF(AU17="OK_RCV",AS17,"Error en validación")))))),"No aplica") -> No aplica | BA17: =IF(ISNUMBER(AZ17),"OK_cálculo pago 1",AZ17) -> No aplica | BB17: =IF(AW17="OK_IC",AV17,IF(AY17="OK_SUMA",AX17,IF(AI17="OK_SM",AG17,IF(AI17="OK_UMA",AH17,IF(AO17="OK_SALA",AM17,IF(AO17="OK_SALB",AN17,IF(AU17="OK_11.5%",AT17,IF(AU17="OK_RCV",AS17,"Error en validación")))))))) -> 15236.7 | BC17: =IF(Z17="Error 1","No cuadran el Instructivo de Cobro y el monto de Cognos",IF(AND(AW17="Revisar Pendientes",AY17<>"OK_SUMA"),"Diferencia entre instructivo de cobro actual y de primer pago",IF(AI17<>"Error Validacion 1","Validación correcta",IF(OR(AO17="OK_SALA",AO17="OK_SALB"),"Validación correcta", IF(AU17="Error Validación 4", IF(AA17="Pago único","No cuadra el cálculo realizado contra Instructivo y Cognos","No cuadra cálculo realizado contra Instructivo"), "Validación correcta"))))) -> Validación correcta | BD17: =IF(BC17="Validación correcta","Ningún comentario",IF(BC17="No cuadran el Instructivo de Cobro y el monto de Cognos","Inconsistencia en los datos de origen","Inconsistencia entre datos de origen y cálculo")) -> Ningún comentario | BE17: Actual | BF17: Procesado
A18: 8000251327 | B18: 3300073568 | C18: RETIRO DE AYUDA PARA GASTOS DE MATRIMONIO IMSS | D18: ACEPTADO MC | E18: 44120.604 | F18: 2606.4 | G18: 0 | H18: 44149260976 | I18: RILA921211HCMVLL00 | J18: RETIRO PARCIAL IMSS | K18: Titular/Trabajador | L18: RILA921211HCMVLL00 | M18: COLIMA | N18: 20201016 12:47:56 | T18: 1 | U18: 69415415710680 | W18: 202010161241580037 | Y18: 2606.4 | Z18: =IF(Y18=F18,"OK","Error 1") -> OK | AA18: Pago único | AC18: =IF(AA18="Pago 1",AB18+Y18,"0") -> 0 | AD18: 44119 | AE18: =IF(V18="SUBSECUENTE","No aplica",VLOOKUP(YEAR(AD18),'SALARIO MINIMO'!A1:B100,2,FALSE)) -> 123.22 | AF18: =IF(V18="SUBSECUENTE","No aplica",IF(YEAR(AD18)=2016,VLOOKUP(YEAR(AD18),UMA!A1:B100,2,FALSE),IF(MONTH(AD18)=1,VLOOKUP((YEAR(AD18))-1,UMA!A1:B100,2,FALSE),VLOOKUP(YEAR(AD18),UMA!A1:B100,2,FALSE)))) -> 86.88 | AG18: =IF(V18="SUBSECUENTE","No aplica",IFERROR(IF(SEARCH("desempleo",C18),AE18*30*10),AE18*30)) -> 3696.6 | AH18: =IF(V18="SUBSECUENTE","No aplica",IFERROR(IF(SEARCH("desempleo",C18),AF18*30*10),AF18*30)) -> 2606.4 | AI18: =IF(V18="SUBSECUENTE","No aplica",IF(AA18="Pago único",IF(AG18=Y18,"OK_SM",IF(AH18=Y18,"OK_UMA","Error Validacion 1")),IF(AG18=AC18,"OK_SM",IF(AH18=AC18,"OK_UMA","Error Validacion 1")))) -> OK_UMA | AJ18: =N18 -> 20201016 12:47:56 | AK18: 2606.4 | AL18: 0 | AM18: =IF(C18="RETIRO POR MATRIMONIO IMSS", 0,AK18*30) -> 78192 | AN18: =IF(C18="RETIRO POR MATRIMONIO IMSS", 0,AL18*90) -> 0 | AO18: =IF(V18="SUBSECUENTE","No aplica",IF(AA18="Pago único",IF(AM18=Y18,"OK_SALA",IF(AN18=Y18,"OK_SALB","Revisar_11.5%")),IF(AM18=AC18,"OK_SALA",IF(AN18=AC18,"OK_SALB","Revisar_11.5%")))) -> Revisar_11.5% | AP18: 2246.9147 | AQ18: PROF-90 | AR18: 13.148607 | AS18: =AP18*AR18 -> 29543.799 | AT18: =IF(V18="SUBSECUENTE","No aplica",IF(AO18="OK_SALA","SAL_A",IF(AO18="OK_SALB","SAL_B",IF(AO18="Revisar_11.5%",AS18*0.115,"Error Validación 2")))) -> 3397.5369 | AU18: =IF(V18="SUBSECUENTE","No aplica",IF(AA18="Pago único",IF(AT18<>"SAL_A",IF(ABS(AT18-Y18)<0.02,"OK_11.5%",IF(ABS(AS18-Y18)<0.02,"OK_RCV","Error Validación 4")),"SAL_A"),IF(AT18<>"SAL_A",IF(ABS(AT18-AC18)<0.02,"OK_11.5%",IF(ABS(AS18-AC18)<0.02,"OK_RCV","Error Validación 4")),"SAL_A"))) -> Error Validación 4 | AW18: =IF(V18="SUBSECUENTE",IF(AV18=Y18,"OK_IC","Revisar Pendientes"),"") | AY18: =IF(V18="SUBSECUENTES","No aplica",IF(AX18=Y18,"OK_SUMA","Diferencia pagos en curso")) -> Diferencia pagos en curso | AZ18: =IF(AA18="Pago 1",IF(AI18="OK_SM",AG18,IF(AI18="OK_UMA",AH18,IF(AO18="OK_SALA",AM18,IF(AO18="OK_SALB",AN18,IF(AU18="OK_11.5%",AT18,IF(AU18="OK_RCV",AS18,"Error en validación")))))),"No aplica") -> No aplica | BA18: =IF(ISNUMBER(AZ18),"OK_cálculo pago 1",AZ18) -> No aplica | BB18: =IF(AW18="OK_IC",AV18,IF(AY18="OK_SUMA",AX18,IF(AI18="OK_SM",AG18,IF(AI18="OK_UMA",AH18,IF(AO18="OK_SALA",AM18,IF(AO18="OK_SALB",AN18,IF(AU18="OK_11.5%",AT18,IF(AU18="OK_RCV",AS18,"Error en validación")))))))) -> 2606.4 | BC18: =IF(Z18="Error 1","No cuadran el Instructivo de Cobro y el monto de Cognos",IF(AND(AW18="Revisar Pendientes",AY18<>"OK_SUMA"),"Diferencia entre instructivo de cobro actual y de primer pago",IF(AI18<>"Error Validacion 1","Validación correcta",IF(OR(AO18="OK_SALA",AO18="OK_SALB"),"Validación correcta", IF(AU18="Error Validación 4", IF(AA18="Pago único","No cuadra el cálculo realizado contra Instructivo y Cognos","No cuadra cálculo realizado contra Instructivo"), "Validación correcta"))))) -> Validación correcta | BD18: =IF(BC18="Validación correcta","Ningún comentario",IF(BC18="No cuadran el Instructivo de Cobro y el monto de Cognos","Inconsistencia en los datos de origen","Inconsistencia entre datos de origen y cálculo")) -> Ningún comentario | BE18: Actual | BF18: Procesado
A19: 8000251458 | B19: 3300448454 | C19: RETIRO POR DESEMPLEO IMSS | D19: CON IMAGENES COMPLETAS | E19: 44120.582 | F19: 26064 | G19: 0 | H19: 92988207210 | I19: CODG820523HDFBLL02 | J19: RETIRO PARCIAL IMSS | K19: Titular/Trabajador | L19: CODG820523HDFBLL02 | M19: CUAUTITLAN | N19: 20201016 13:50:01 | T19: 1 | U19: 78727821206379 | W19: 202010161342044005 | Y19: 26064 | Z19: =IF(Y19=F19,"OK","Error 1") -> OK | AA19: Pago único | AC19: =IF(AA19="Pago 1",AB19+Y19,"0") -> 0 | AD19: 44120 | AE19: =IF(V19="SUBSECUENTE","No aplica",VLOOKUP(YEAR(AD19),'SALARIO MINIMO'!A1:B100,2,FALSE)) -> 123.22 | AF19: =IF(V19="SUBSECUENTE","No aplica",IF(YEAR(AD19)=2016,VLOOKUP(YEAR(AD19),UMA!A1:B100,2,FALSE),IF(MONTH(AD19)=1,VLOOKUP((YEAR(AD19))-1,UMA!A1:B100,2,FALSE),VLOOKUP(YEAR(AD19),UMA!A1:B100,2,FALSE)))) -> 86.88 | AG19: =IF(V19="SUBSECUENTE","No aplica",IFERROR(IF(SEARCH("desempleo",C19),AE19*30*10),AE19*30)) -> 36966 | AH19: =IF(V19="SUBSECUENTE","No aplica",IFERROR(IF(SEARCH("desempleo",C19),AF19*30*10),AF19*30)) -> 26064 | AI19: =IF(V19="SUBSECUENTE","No aplica",IF(AA19="Pago único",IF(AG19=Y19,"OK_SM",IF(AH19=Y19,"OK_UMA","Error Validacion 1")),IF(AG19=AC19,"OK_SM",IF(AH19=AC19,"OK_UMA","Error Validacion 1")))) -> OK_UMA | AJ19: =N19 -> 20201016 13:50:01 | AK19: 1008.75 | AL19: 778.13 | AM19: =IF(C19="RETIRO POR MATRIMONIO IMSS", 0,AK19*30) -> 30262.5 | AN19: =IF(C19="RETIRO POR MATRIMONIO IMSS", 0,AL19*90) -> 70031.7 | AO19: =IF(V19="SUBSECUENTE","No aplica",IF(AA19="Pago único",IF(AM19=Y19,"OK_SALA",IF(AN19=Y19,"OK_SALB","Revisar_11.5%")),IF(AM19=AC19,"OK_SALA",IF(AN19=AC19,"OK_SALB","Revisar_11.5%")))) -> Revisar_11.5% | AP19: 17058.816 | AQ19: PROF-80 | AR19: 10.927196 | AS19: =AP19*AR19 -> 186405.03 | AT19: =IF(V19="SUBSECUENTE","No aplica",IF(AO19="OK_SALA","SAL_A",IF(AO19="OK_SALB","SAL_B",IF(AO19="Revisar_11.5%",AS19*0.115,"Error Validación 2")))) -> 21436.578 | AU19: =IF(V19="SUBSECUENTE","No aplica",IF(AA19="Pago único",IF(AT19<>"SAL_A",IF(ABS(AT19-Y19)<0.02,"OK_11.5%",IF(ABS(AS19-Y19)<0.02,"OK_RCV","Error Validación 4")),"SAL_A"),IF(AT19<>"SAL_A",IF(ABS(AT19-AC19)<0.02,"OK_11.5%",IF(ABS(AS19-AC19)<0.02,"OK_RCV","Error Validación 4")),"SAL_A"))) -> Error Validación 4 | AW19: =IF(V19="SUBSECUENTE",IF(AV19=Y19,"OK_IC","Revisar Pendientes"),"") | AY19: =IF(V19="SUBSECUENTES","No aplica",IF(AX19=Y19,"OK_SUMA","Diferencia pagos en curso")) -> Diferencia pagos en curso | AZ19: =IF(AA19="Pago 1",IF(AI19="OK_SM",AG19,IF(AI19="OK_UMA",AH19,IF(AO19="OK_SALA",AM19,IF(AO19="OK_SALB",AN19,IF(AU19="OK_11.5%",AT19,IF(AU19="OK_RCV",AS19,"Error en validación")))))),"No aplica") -> No aplica | BA19: =IF(ISNUMBER(AZ19),"OK_cálculo pago 1",AZ19) -> No aplica | BB19: =IF(AW19="OK_IC",AV19,IF(AY19="OK_SUMA",AX19,IF(AI19="OK_SM",AG19,IF(AI19="OK_UMA",AH19,IF(AO19="OK_SALA",AM19,IF(AO19="OK_SALB",AN19,IF(AU19="OK_11.5%",AT19,IF(AU19="OK_RCV",AS19,"Error en validación")))))))) -> 26064 | BC19: =IF(Z19="Error 1","No cuadran el Instructivo de Cobro y el monto de Cognos",IF(AND(AW19="Revisar Pendientes",AY19<>"OK_SUMA"),"Diferencia entre instructivo de cobro actual y de primer pago",IF(AI19<>"Error Validacion 1","Validación correcta",IF(OR(AO19="OK_SALA",AO19="OK_SALB"),"Validación correcta", IF(AU19="Error Validación 4", IF(AA19="Pago único","No cuadra el cálculo realizado contra Instructivo y Cognos","No cuadra cálculo realizado contra Instructivo"), "Validación correcta"))))) -> Validación correcta | BD19: =IF(BC19="Validación correcta","Ningún comentario",IF(BC19="No cuadran el Instructivo de Cobro y el monto de Cognos","Inconsistencia en los datos de origen","Inconsistencia entre datos de origen y cálculo")) -> Ningún comentario | BE19: Actual | BF19: Procesado
A20: 8000251523 | B20: 3200236954 | C20: RETIRO POR DESEMPLEO IMSS | D20: CON IMAGENES COMPLETAS | E20: 44120.598 | F20: 3261 | G20: 0 | H20: 04079105658 | I20: ZESJ911028HJCPNN00 | J20: RETIRO PARCIAL IMSS | K20: Titular/Trabajador | L20: ZESJ911028HJCPNN00 | M20: Zapopan | N20: 20201016 14:17:47 | T20: 1 | U20: 23165175425358 | W20: 202010161413094143 | Y20: 3261 | Z20: =IF(Y20=F20,"OK","Error 1") -> OK | AA20: Pago único | AC20: =IF(AA20="Pago 1",AB20+Y20,"0") -> 0 | AD20: 44120 | AE20: =IF(V20="SUBSECUENTE","No aplica",VLOOKUP(YEAR(AD20),'SALARIO MINIMO'!A1:B100,2,FALSE)) -> 123.22 | AF20: =IF(V20="SUBSECUENTE","No aplica",IF(YEAR(AD20)=2016,VLOOKUP(YEAR(AD20),UMA!A1:B100,2,FALSE),IF(MONTH(AD20)=1,VLOOKUP((YEAR(AD20))-1,UMA!A1:B100,2,FALSE),VLOOKUP(YEAR(AD20),UMA!A1:B100,2,FALSE)))) -> 86.88 | AG20: =IF(V20="SUBSECUENTE","No aplica",IFERROR(IF(SEARCH("desempleo",C20),AE20*30*10),AE20*30)) -> 36966 | AH20: =IF(V20="SUBSECUENTE","No aplica",IFERROR(IF(SEARCH("desempleo",C20),AF20*30*10),AF20*30)) -> 26064 | AI20: =IF(V20="SUBSECUENTE","No aplica",IF(AA20="Pago único",IF(AG20=Y20,"OK_SM",IF(AH20=Y20,"OK_UMA","Error Validacion 1")),IF(AG20=AC20,"OK_SM",IF(AH20=AC20,"OK_UMA","Error Validacion 1")))) -> Error Validacion 1 | AJ20: =N20 -> 20201016 14:17:47 | AK20: 108.7 | AL20: 147.93 | AM20: =IF(C20="RETIRO POR MATRIMONIO IMSS", 0,AK20*30) -> 3261 | AN20: =IF(C20="RETIRO POR MATRIMONIO IMSS", 0,AL20*90) -> 13313.7 | AO20: =IF(V20="SUBSECUENTE","No aplica",IF(AA20="Pago único",IF(AM20=Y20,"OK_SALA",IF(AN20=Y20,"OK_SALB","Revisar_11.5%")),IF(AM20=AC20,"OK_SALA",IF(AN20=AC20,"OK_SALB","Revisar_11.5%")))) -> OK_SALA | AP20: 2038.501 | AQ20: PROF-90 | AR20: 13.148607 | AS20: =AP20*AR20 -> 26803.448 | AT20: =IF(V20="SUBSECUENTE","No aplica",IF(AO20="OK_SALA","SAL_A",IF(AO20="OK_SALB","SAL_B",IF(AO20="Revisar_11.5%",AS20*0.115,"Error Validación 2")))) -> SAL_A | AU20: =IF(V20="SUBSECUENTE","No aplica",IF(AA20="Pago único",IF(AT20<>"SAL_A",IF(ABS(AT20-Y20)<0.02,"OK_11.5%",IF(ABS(AS20-Y20)<0.02,"OK_RCV","Error Validación 4")),"SAL_A"),IF(AT20<>"SAL_A",IF(ABS(AT20-AC20)<0.02,"OK_11.5%",IF(ABS(AS20-AC20)<0.02,"OK_RCV","Error Validación 4")),"SAL_A"))) -> SAL_A | AW20: =IF(V20="SUBSECUENTE",IF(AV20=Y20,"OK_IC","Revisar Pendientes"),"") | AY20: =IF(V20="SUBSECUENTES","No aplica",IF(AX20=Y20,"OK_SUMA","Diferencia pagos en curso")) -> Diferencia pagos en curso | AZ20: =IF(AA20="Pago 1",IF(AI20="OK_SM",AG20,IF(AI20="OK_UMA",AH20,IF(AO20="OK_SALA",AM20,IF(AO20="OK_SALB",AN20,IF(AU20="OK_11.5%",AT20,IF(AU20="OK_RCV",AS20,"Error en validación")))))),"No aplica") -> No aplica | BA20: =IF(ISNUMBER(AZ20),"OK_cálculo pago 1",AZ20) -> No aplica | BB20: =IF(AW20="OK_IC",AV20,IF(AY20="OK_SUMA",AX20,IF(AI20="OK_SM",AG20,IF(AI20="OK_UMA",AH20,IF(AO20="OK_SALA",AM20,IF(AO20="OK_SALB",AN20,IF(AU20="OK_11.5%",AT20,IF(AU20="OK_RCV",AS20,"Error en validación")))))))) -> 3261 | BC20: =IF(Z20="Error 1","No cuadran el Instructivo de Cobro y el monto de Cognos",IF(AND(AW20="Revisar Pendientes",AY20<>"OK_SUMA"),"Diferencia entre instructivo de cobro actual y de primer pago",IF(AI20<>"Error Validacion 1","Validación correcta",IF(OR(AO20="OK_SALA",AO20="OK_SALB"),"Validación correcta", IF(AU20="Error Validación 4", IF(AA20="Pago único","No cuadra el cálculo realizado contra Instructivo y Cognos","No cuadra cálculo realizado contra Instructivo"), "Validación correcta"))))) -> Validación correcta | BD20: =IF(BC20="Validación correcta","Ningún comentario",IF(BC20="No cuadran el Instructivo de Cobro y el monto de Cognos","Inconsistencia en los datos de origen","Inconsistencia entre datos de origen y cálculo")) -> Ningún comentario | BE20: Actual | BF20: Procesado
A21: 8000251299 | B21: 1780028798 | C21: RETIRO POR DESEMPLEO IMSS | D21: CON IMAGENES COMPLETAS | E21: 44120.531 | F21: 20159.4 | G21: 0 | H21: 92906956344 | I21: SACB690204HDFLSR00 | J21: RETIRO PARCIAL IMSS | K21: Titular/Trabajador | L21: SACB690204HDFLSR00 | M21: LINDAVISTA | N21: 20201016 12:41:00 | T21: 1 | U21: 44015762864299 | W21: 202010161236131234 | Y21: 20159.4 | Z21: =IF(Y21=F21,"OK","Error 1") -> OK | AA21: Pago único | AC21: =IF(AA21="Pago 1",AB21+Y21,"0") -> 0 | AD21: 44120 | AE21: =IF(V21="SUBSECUENTE","No aplica",VLOOKUP(YEAR(AD21),'SALARIO MINIMO'!A1:B100,2,FALSE)) -> 123.22 | AF21: =IF(V21="SUBSECUENTE","No aplica",IF(YEAR(AD21)=2016,VLOOKUP(YEAR(AD21),UMA!A1:B100,2,FALSE),IF(MONTH(AD21)=1,VLOOKUP((YEAR(AD21))-1,UMA!A1:B100,2,FALSE),VLOOKUP(YEAR(AD21),UMA!A1:B100,2,FALSE)))) -> 86.88 | AG21: =IF(V21="SUBSECUENTE","No aplica",IFERROR(IF(SEARCH("desempleo",C21),AE21*30*10),AE21*30)) -> 36966 | AH21: =IF(V21="SUBSECUENTE","No aplica",IFERROR(IF(SEARCH("desempleo",C21),AF21*30*10),AF21*30)) -> 26064 | AI21: =IF(V21="SUBSECUENTE","No aplica",IF(AA21="Pago único",IF(AG21=Y21,"OK_SM",IF(AH21=Y21,"OK_UMA","Error Validacion 1")),IF(AG21=AC21,"OK_SM",IF(AH21=AC21,"OK_UMA","Error Validacion 1")))) -> Error Validacion 1 | AJ21: =N21 -> 20201016 12:41:00 | AK21: 671.98 | AL21: 671.47 | AM21: =IF(C21="RETIRO POR MATRIMONIO IMSS", 0,AK21*30) -> 20159.4 | AN21: =IF(C21="RETIRO POR MATRIMONIO IMSS", 0,AL21*90) -> 60432.3 | AO21: =IF(V21="SUBSECUENTE","No aplica",IF(AA21="Pago único",IF(AM21=Y21,"OK_SALA",IF(AN21=Y21,"OK_SALB","Revisar_11.5%")),IF(AM21=AC21,"OK_SALA",IF(AN21=AC21,"OK_SALB","Revisar_11.5%")))) -> OK_SALA | AP21: 11124.577 | AQ21: PROF-65 | AR21: 11.383123 | AS21: =AP21*AR21 -> 126632.43 | AT21: =IF(V21="SUBSECUENTE","No aplica",IF(AO21="OK_SALA","SAL_A",IF(AO21="OK_SALB","SAL_B",IF(AO21="Revisar_11.5%",AS21*0.115,"Error Validación 2")))) -> SAL_A | AU21: =IF(V21="SUBSECUENTE","No aplica",IF(AA21="Pago único",IF(AT21<>"SAL_A",IF(ABS(AT21-Y21)<0.02,"OK_11.5%",IF(ABS(AS21-Y21)<0.02,"OK_RCV","Error Validación 4")),"SAL_A"),IF(AT21<>"SAL_A",IF(ABS(AT21-AC21)<0.02,"OK_11.5%",IF(ABS(AS21-AC21)<0.02,"OK_RCV","Error Validación 4")),"SAL_A"))) -> SAL_A | AW21: =IF(V21="SUBSECUENTE",IF(AV21=Y21,"OK_IC","Revisar Pendientes"),"") | AY21: =IF(V21="SUBSECUENTES","No aplica",IF(AX21=Y21,"OK_SUMA","Diferencia pagos en curso")) -> Diferencia pagos en curso | AZ21: =IF(AA21="Pago 1",IF(AI21="OK_SM",AG21,IF(AI21="OK_UMA",AH21,IF(AO21="OK_SALA",AM21,IF(AO21="OK_SALB",AN21,IF(AU21="OK_11.5%",AT21,IF(AU21="OK_RCV",AS21,"Error en validación")))))),"No aplica") -> No aplica | BA21: =IF(ISNUMBER(AZ21),"OK_cálculo pago 1",AZ21) -> No aplica | BB21: =IF(AW21="OK_IC",AV21,IF(AY21="OK_SUMA",AX21,IF(AI21="OK_SM",AG21,IF(AI21="OK_UMA",AH21,IF(AO21="OK_SALA",AM21,IF(AO21="OK_SALB",AN21,IF(AU21="OK_11.5%",AT21,IF(AU21="OK_RCV",AS21,"Error en validación")))))))) -> 20159.4 | BC21: =IF(Z21="Error 1","No cuadran el Instructivo de Cobro y el monto de Cognos",IF(AND(AW21="Revisar Pendientes",AY21<>"OK_SUMA"),"Diferencia entre instructivo de cobro actual y de primer pago",IF(AI21<>"Error Validacion 1","Validación correcta",IF(OR(AO21="OK_SALA",AO21="OK_SALB"),"Validación correcta", IF(AU21="Error Validación 4", IF(AA21="Pago único","No cuadra el cálculo realizado contra Instructivo y Cognos","No cuadra cálculo realizado contra Instructivo"), "Validación correcta"))))) -> Validación correcta | BD21: =IF(BC21="Validación correcta","Ningún comentario",IF(BC21="No cuadran el Instructivo de Cobro y el monto de Cognos","Inconsistencia en los datos de origen","Inconsistencia entre datos de origen y cálculo")) -> Ningún comentario | BE21: Actual | BF21: Procesado
A22: 8000250722 | B22: 3300235904 | C22: RETIRO DE AYUDA PARA GASTOS DE MATRIMONIO IMSS | D22: ACEPTADO MC | E22: 44120.54 | F22: 2534.7 | G22: 0 | H22: 04138946472 | I22: NEGD890209HJCRZN01 | J22: RETIRO PARCIAL IMSS | K22: Titular/Trabajador | L22: NEGD890209HJCRZN01 | M22: GUADALAJARA | N22: 20201016 09:00:50 | T22: 1 | U22: 74308578270800 | W22: 202010160854310006 | Y22: 2534.7 | Z22: =IF(Y22=F22,"OK","Error 1") -> OK | AA22: Pago único | AC22: =IF(AA22="Pago 1",AB22+Y22,"0") -> 0 | AD22: 43666 | AE22: =IF(V22="SUBSECUENTE","No aplica",VLOOKUP(YEAR(AD22),'SALARIO MINIMO'!A1:B100,2,FALSE)) -> 102.68 | AF22: =IF(V22="SUBSECUENTE","No aplica",IF(YEAR(AD22)=2016,VLOOKUP(YEAR(AD22),UMA!A1:B100,2,FALSE),IF(MONTH(AD22)=1,VLOOKUP((YEAR(AD22))-1,UMA!A1:B100,2,FALSE),VLOOKUP(YEAR(AD22),UMA!A1:B100,2,FALSE)))) -> 84.49 | AG22: =IF(V22="SUBSECUENTE","No aplica",IFERROR(IF(SEARCH("desempleo",C22),AE22*30*10),AE22*30)) -> 3080.4 | AH22: =IF(V22="SUBSECUENTE","No aplica",IFERROR(IF(SEARCH("desempleo",C22),AF22*30*10),AF22*30)) -> 2534.7 | AI22: =IF(V22="SUBSECUENTE","No aplica",IF(AA22="Pago único",IF(AG22=Y22,"OK_SM",IF(AH22=Y22,"OK_UMA","Error Validacion 1")),IF(AG22=AC22,"OK_SM",IF(AH22=AC22,"OK_UMA","Error Validacion 1")))) -> OK_UMA | AJ22: =N22 -> 20201016 09:00:50 | AK22: 2534.7 | AL22: 0 | AM22: =IF(C22="RETIRO POR MATRIMONIO IMSS", 0,AK22*30) -> 76041 | AN22: =IF(C22="RETIRO POR MATRIMONIO IMSS", 0,AL22*90) -> 0 | AO22: =IF(V22="SUBSECUENTE","No aplica",IF(AA22="Pago único",IF(AM22=Y22,"OK_SALA",IF(AN22=Y22,"OK_SALB","Revisar_11.5%")),IF(AM22=AC22,"OK_SALA",IF(AN22=AC22,"OK_SALB","Revisar_11.5%")))) -> Revisar_11.5% | AP22: 4389.1799 | AQ22: PROF-85 | AR22: 13.238638 | AS22: =AP22*AR22 -> 58106.764 | AT22: =IF(V22="SUBSECUENTE","No aplica",IF(AO22="OK_SALA","SAL_A",IF(AO22="OK_SALB","SAL_B",IF(AO22="Revisar_11.5%",AS22*0.115,"Error Validación 2")))) -> 6682.2778 | AU22: =IF(V22="SUBSECUENTE","No aplica",IF(AA22="Pago único",IF(AT22<>"SAL_A",IF(ABS(AT22-Y22)<0.02,"OK_11.5%",IF(ABS(AS22-Y22)<0.02,"OK_RCV","Error Validación 4")),"SAL_A"),IF(AT22<>"SAL_A",IF(ABS(AT22-AC22)<0.02,"OK_11.5%",IF(ABS(AS22-AC22)<0.02,"OK_RCV","Error Validación 4")),"SAL_A"))) -> Error Validación 4 | AW22: =IF(V22="SUBSECUENTE",IF(AV22=Y22,"OK_IC","Revisar Pendientes"),"") | AY22: =IF(V22="SUBSECUENTES","No aplica",IF(AX22=Y22,"OK_SUMA","Diferencia pagos en curso")) -> Diferencia pagos en curso | AZ22: =IF(AA22="Pago 1",IF(AI22="OK_SM",AG22,IF(AI22="OK_UMA",AH22,IF(AO22="OK_SALA",AM22,IF(AO22="OK_SALB",AN22,IF(AU22="OK_11.5%",AT22,IF(AU22="OK_RCV",AS22,"Error en validación")))))),"No aplica") -> No aplica | BA22: =IF(ISNUMBER(AZ22),"OK_cálculo pago 1",AZ22) -> No aplica | BB22: =IF(AW22="OK_IC",AV22,IF(AY22="OK_SUMA",AX22,IF(AI22="OK_SM",AG22,IF(AI22="OK_UMA",AH22,IF(AO22="OK_SALA",AM22,IF(AO22="OK_SALB",AN22,IF(AU22="OK_11.5%",AT22,IF(AU22="OK_RCV",AS22,"Error en validación")))))))) -> 2534.7 | BC22: =IF(Z22="Error 1","No cuadran el Instructivo de Cobro y el monto de Cognos",IF(AND(AW22="Revisar Pendientes",AY22<>"OK_SUMA"),"Diferencia entre instructivo de cobro actual y de primer pago",IF(AI22<>"Error Validacion 1","Validación correcta",IF(OR(AO22="OK_SALA",AO22="OK_SALB"),"Validación correcta", IF(AU22="Error Validación 4", IF(AA22="Pago único","No cuadra el cálculo realizado contra Instructivo y Cognos","No cuadra cálculo realizado contra Instructivo"), "Validación correcta"))))) -> Validación correcta | BD22: =IF(BC22="Validación correcta","Ningún comentario",IF(BC22="No cuadran el Instructivo de Cobro y el monto de Cognos","Inconsistencia en los datos de origen","Inconsistencia entre datos de origen y cálculo")) -> Ningún comentario | BE22: Actual | BF22: Procesado
A23: 8000251132 | B23: 3300238096 | C23: RETIRO DE AYUDA PARA GASTOS DE MATRIMONIO IMSS | D23: ACEPTADO MC | E23: 44120.497 | F23: 2606.4 | G23: 0 | H23: 12129609306 | I23: MUSB960209MGTXNL08 | J23: RETIRO PARCIAL IMSS | K23: Titular/Trabajador | L23: MUSB960209MGTXNL08 | M23: LEON | N23: 20201016 11:41:23 | T23: 1 | U23: 32157868322189 | W23: 202010161136240027 | Y23: 2606.4 | Z23: =IF(Y23=F23,"OK","Error 1") -> OK | AA23: Pago único | AC23: =IF(AA23="Pago 1",AB23+Y23,"0") -> 0 | AD23: 44117 | AE23: =IF(V23="SUBSECUENTE","No aplica",VLOOKUP(YEAR(AD23),'SALARIO MINIMO'!A1:B100,2,FALSE)) -> 123.22 | AF23: =IF(V23="SUBSECUENTE","No aplica",IF(YEAR(AD23)=2016,VLOOKUP(YEAR(AD23),UMA!A1:B100,2,FALSE),IF(MONTH(AD23)=1,VLOOKUP((YEAR(AD23))-1,UMA!A1:B100,2,FALSE),VLOOKUP(YEAR(AD23),UMA!A1:B100,2,FALSE)))) -> 86.88 | AG23: =IF(V23="SUBSECUENTE","No aplica",IFERROR(IF(SEARCH("desempleo",C23),AE23*30*10),AE23*30)) -> 3696.6 | AH23: =IF(V23="SUBSECUENTE","No aplica",IFERROR(IF(SEARCH("desempleo",C23),AF23*30*10),AF23*30)) -> 2606.4 | AI23: =IF(V23="SUBSECUENTE","No aplica",IF(AA23="Pago único",IF(AG23=Y23,"OK_SM",IF(AH23=Y23,"OK_UMA","Error Validacion 1")),IF(AG23=AC23,"OK_SM",IF(AH23=AC23,"OK_UMA","Error Validacion 1")))) -> OK_UMA | AJ23: =N23 -> 20201016 11:41:23 | AK23: 2606.4 | AL23: 0 | AM23: =IF(C23="RETIRO POR MATRIMONIO IMSS", 0,AK23*30) -> 78192 | AN23: =IF(C23="RETIRO POR MATRIMONIO IMSS", 0,AL23*90) -> 0 | AO23: =IF(V23="SUBSECUENTE","No aplica",IF(AA23="Pago único",IF(AM23=Y23,"OK_SALA",IF(AN23=Y23,"OK_SALB","Revisar_11.5%")),IF(AM23=AC23,"OK_SALA",IF(AN23=AC23,"OK_SALB","Revisar_11.5%")))) -> Revisar_11.5% | AP23: 1401.4641 | AQ23: PROF-BI | AR23: 13.153222 | AS23: =AP23*AR23 -> 18433.768 | AT23: =IF(V23="SUBSECUENTE","No aplica",IF(AO23="OK_SALA","SAL_A",IF(AO23="OK_SALB","SAL_B",IF(AO23="Revisar_11.5%",AS23*0.115,"Error Validación 2")))) -> 2119.8834 | AU23: =IF(V23="SUBSECUENTE","No aplica",IF(AA23="Pago único",IF(AT23<>"SAL_A",IF(ABS(AT23-Y23)<0.02,"OK_11.5%",IF(ABS(AS23-Y23)<0.02,"OK_RCV","Error Validación 4")),"SAL_A"),IF(AT23<>"SAL_A",IF(ABS(AT23-AC23)<0.02,"OK_11.5%",IF(ABS(AS23-AC23)<0.02,"OK_RCV","Error Validación 4")),"SAL_A"))) -> Error Validación 4 | AW23: =IF(V23="SUBSECUENTE",IF(AV23=Y23,"OK_IC","Revisar Pendientes"),"") | AY23: =IF(V23="SUBSECUENTES","No aplica",IF(AX23=Y23,"OK_SUMA","Diferencia pagos en curso")) -> Diferencia pagos en curso | AZ23: =IF(AA23="Pago 1",IF(AI23="OK_SM",AG23,IF(AI23="OK_UMA",AH23,IF(AO23="OK_SALA",AM23,IF(AO23="OK_SALB",AN23,IF(AU23="OK_11.5%",AT23,IF(AU23="OK_RCV",AS23,"Error en validación")))))),"No aplica") -> No aplica | BA23: =IF(ISNUMBER(AZ23),"OK_cálculo pago 1",AZ23) -> No aplica | BB23: =IF(AW23="OK_IC",AV23,IF(AY23="OK_SUMA",AX23,IF(AI23="OK_SM",AG23,IF(AI23="OK_UMA",AH23,IF(AO23="OK_SALA",AM23,IF(AO23="OK_SALB",AN23,IF(AU23="OK_11.5%",AT23,IF(AU23="OK_RCV",AS23,"Error en validación")))))))) -> 2606.4 | BC23: =IF(Z23="Error 1","No cuadran el Instructivo de Cobro y el monto de Cognos",IF(AND(AW23="Revisar Pendientes",AY23<>"OK_SUMA"),"Diferencia entre instructivo de cobro actual y de primer pago",IF(AI23<>"Error Validacion 1","Validación correcta",IF(OR(AO23="OK_SALA",AO23="OK_SALB"),"Validación correcta", IF(AU23="Error Validación 4", IF(AA23="Pago único","No cuadra el cálculo realizado contra Instructivo y Cognos","No cuadra cálculo realizado contra Instructivo"), "Validación correcta"))))) -> Validación correcta | BD23: =IF(BC23="Validación correcta","Ningún comentario",IF(BC23="No cuadran el Instructivo de Cobro y el monto de Cognos","Inconsistencia en los datos de origen","Inconsistencia entre datos de origen y cálculo")) -> Ningún comentario | BE23: Actual | BF23: Procesado
A24: 8000251210 | B24: 3300377708 | C24: RETIRO POR DESEMPLEO IMSS | D24: CON IMAGENES COMPLETAS | E24: 44120.52 | F24: 14642.7 | G24: 0 | H24: 04078684521 | I24: SIJC861104MJCLML02 | J24: RETIRO PARCIAL IMSS | K24: Titular/Trabajador | L24: SIJC861104MJCLML02 | M24: GUADALAJARA | N24: 20201016 12:16:54 | T24: 1 | U24: 44499174066135 | W24: 202010161210152178 | Y24: 14642.7 | Z24: =IF(Y24=F24,"OK","Error 1") -> OK | AA24: Pago único | AC24: =IF(AA24="Pago 1",AB24+Y24,"0") -> 0 | AD24: 44120 | AE24: =IF(V24="SUBSECUENTE","No aplica",VLOOKUP(YEAR(AD24),'SALARIO MINIMO'!A1:B100,2,FALSE)) -> 123.22 | AF24: =IF(V24="SUBSECUENTE","No aplica",IF(YEAR(AD24)=2016,VLOOKUP(YEAR(AD24),UMA!A1:B100,2,FALSE),IF(MONTH(AD24)=1,VLOOKUP((YEAR(AD24))-1,UMA!A1:B100,2,FALSE),VLOOKUP(YEAR(AD24),UMA!A1:B100,2,FALSE)))) -> 86.88 | AG24: =IF(V24="SUBSECUENTE","No aplica",IFERROR(IF(SEARCH("desempleo",C24),AE24*30*10),AE24*30)) -> 36966 | AH24: =IF(V24="SUBSECUENTE","No aplica",IFERROR(IF(SEARCH("desempleo",C24),AF24*30*10),AF24*30)) -> 26064 | AI24: =IF(V24="SUBSECUENTE","No aplica",IF(AA24="Pago único",IF(AG24=Y24,"OK_SM",IF(AH24=Y24,"OK_UMA","Error Validacion 1")),IF(AG24=AC24,"OK_SM",IF(AH24=AC24,"OK_UMA","Error Validacion 1")))) -> Error Validacion 1 | AJ24: =N24 -> 20201016 12:16:54 | AK24: 488.09 | AL24: 358.61 | AM24: =IF(C24="RETIRO POR MATRIMONIO IMSS", 0,AK24*30) -> 14642.7 | AN24: =IF(C24="RETIRO POR MATRIMONIO IMSS", 0,AL24*90) -> 32274.9 | AO24: =IF(V24="SUBSECUENTE","No aplica",IF(AA24="Pago único",IF(AM24=Y24,"OK_SALA",IF(AN24=Y24,"OK_SALB","Revisar_11.5%")),IF(AM24=AC24,"OK_SALA",IF(AN24=AC24,"OK_SALB","Revisar_11.5%")))) -> OK_SALA | AP24: 9343.3876 | AQ24: PROF-85 | AR24: 13.238638 | AS24: =AP24*AR24 -> 123693.73 | AT24: =IF(V24="SUBSECUENTE","No aplica",IF(AO24="OK_SALA","SAL_A",IF(AO24="OK_SALB","SAL_B",IF(AO24="Revisar_11.5%",AS24*0.115,"Error Validación 2")))) -> SAL_A | AU24: =IF(V24="SUBSECUENTE","No aplica",IF(AA24="Pago único",IF(AT24<>"SAL_A",IF(ABS(AT24-Y24)<0.02,"OK_11.5%",IF(ABS(AS24-Y24)<0.02,"OK_RCV","Error Validación 4")),"SAL_A"),IF(AT24<>"SAL_A",IF(ABS(AT24-AC24)<0.02,"OK_11.5%",IF(ABS(AS24-AC24)<0.02,"OK_RCV","Error Validación 4")),"SAL_A"))) -> SAL_A | AW24: =IF(V24="SUBSECUENTE",IF(AV24=Y24,"OK_IC","Revisar Pendientes"),"") | AY24: =IF(V24="SUBSECUENTES","No aplica",IF(AX24=Y24,"OK_SUMA","Diferencia pagos en curso")) -> Diferencia pagos en curso | AZ24: =IF(AA24="Pago 1",IF(AI24="OK_SM",AG24,IF(AI24="OK_UMA",AH24,IF(AO24="OK_SALA",AM24,IF(AO24="OK_SALB",AN24,IF(AU24="OK_11.5%",AT24,IF(AU24="OK_RCV",AS24,"Error en validación")))))),"No aplica") -> No aplica | BA24: =IF(ISNUMBER(AZ24),"OK_cálculo pago 1",AZ24) -> No aplica | BB24: =IF(AW24="OK_IC",AV24,IF(AY24="OK_SUMA",AX24,IF(AI24="OK_SM",AG24,IF(AI24="OK_UMA",AH24,IF(AO24="OK_SALA",AM24,IF(AO24="OK_SALB",AN24,IF(AU24="OK_11.5%",AT24,IF(AU24="OK_RCV",AS24,"Error en validación")))))))) -> 14642.7 | BC24: =IF(Z24="Error 1","No cuadran el Instructivo de Cobro y el monto de Cognos",IF(AND(AW24="Revisar Pendientes",AY24<>"OK_SUMA"),"Diferencia entre instructivo de cobro actual y de primer pago",IF(AI24<>"Error Validacion 1","Validación correcta",IF(OR(AO24="OK_SALA",AO24="OK_SALB"),"Validación correcta", IF(AU24="Error Validación 4", IF(AA24="Pago único","No cuadra el cálculo realizado contra Instructivo y Cognos","No cuadra cálculo realizado contra Instructivo"), "Validación correcta"))))) -> Validación correcta | BD24: =IF(BC24="Validación correcta","Ningún comentario",IF(BC24="No cuadran el Instructivo de Cobro y el monto de Cognos","Inconsistencia en los datos de origen","Inconsistencia entre datos de origen y cálculo")) -> Ningún comentario | BE24: Actual | BF24: Procesado
A25: 8000250614 | B25: 3200116199 | C25: RETIRO POR DESEMPLEO IMSS | D25: CON IMAGENES COMPLETAS | E25: 44120.349 | F25: 49719.77 | G25: 0 | H25: 82028328134 | I25: OIAL830818HTCLLS04 | J25: RETIRO PARCIAL IMSS | K25: Titular/Trabajador | L25: OIAL830818HTCLLS04 | M25: VILLAHERMOSA | N25: 20201016 08:10:25 | T25: 1 | U25: 22992194074849 | W25: 202010160806000027 | Y25: 49719.77 | Z25: =IF(Y25=F25,"OK","Error 1") -> OK | AA25: Pago único | AC25: =IF(AA25="Pago 1",AB25+Y25,"0") -> 0 | AD25: 44120 | AE25: =IF(V25="SUBSECUENTE","No aplica",VLOOKUP(YEAR(AD25),'SALARIO MINIMO'!A1:B100,2,FALSE)) -> 123.22 | AF25: =IF(V25="SUBSECUENTE","No aplica",IF(YEAR(AD25)=2016,VLOOKUP(YEAR(AD25),UMA!A1:B100,2,FALSE),IF(MONTH(AD25)=1,VLOOKUP((YEAR(AD25))-1,UMA!A1:B100,2,FALSE),VLOOKUP(YEAR(AD25),UMA!A1:B100,2,FALSE)))) -> 86.88 | AG25: =IF(V25="SUBSECUENTE","No aplica",IFERROR(IF(SEARCH("desempleo",C25),AE25*30*10),AE25*30)) -> 36966 | AH25: =IF(V25="SUBSECUENTE","No aplica",IFERROR(IF(SEARCH("desempleo",C25),AF25*30*10),AF25*30)) -> 26064 | AI25: =IF(V25="SUBSECUENTE","No aplica",IF(AA25="Pago único",IF(AG25=Y25,"OK_SM",IF(AH25=Y25,"OK_UMA","Error Validacion 1")),IF(AG25=AC25,"OK_SM",IF(AH25=AC25,"OK_UMA","Error Validacion 1")))) -> Error Validacion 1 | AJ25: =N25 -> 20201016 08:10:25 | AK25: 1881.37 | AL25: 721.13 | AM25: =IF(C25="RETIRO POR MATRIMONIO IMSS", 0,AK25*30) -> 56441.1 | AN25: =IF(C25="RETIRO POR MATRIMONIO IMSS", 0,AL25*90) -> 64901.7 | AO25: =IF(V25="SUBSECUENTE","No aplica",IF(AA25="Pago único",IF(AM25=Y25,"OK_SALA",IF(AN25=Y25,"OK_SALB","Revisar_11.5%")),IF(AM25=AC25,"OK_SALA",IF(AN25=AC25,"OK_SALB","Revisar_11.5%")))) -> Revisar_11.5% | AP25: 39566.037 | AQ25: PROF-80 | AR25: 10.927196 | AS25: =AP25*AR25 -> 432345.85 | AT25: =IF(V25="SUBSECUENTE","No aplica",IF(AO25="OK_SALA","SAL_A",IF(AO25="OK_SALB","SAL_B",IF(AO25="Revisar_11.5%",AS25*0.115,"Error Validación 2")))) -> 49719.772 | AU25: =IF(V25="SUBSECUENTE","No aplica",IF(AA25="Pago único",IF(AT25<>"SAL_A",IF(ABS(AT25-Y25)<0.02,"OK_11.5%",IF(ABS(AS25-Y25)<0.02,"OK_RCV","Error Validación 4")),"SAL_A"),IF(AT25<>"SAL_A",IF(ABS(AT25-AC25)<0.02,"OK_11.5%",IF(ABS(AS25-AC25)<0.02,"OK_RCV","Error Validación 4")),"SAL_A"))) -> OK_11.5% | AW25: =IF(V25="SUBSECUENTE",IF(AV25=Y25,"OK_IC","Revisar Pendientes"),"") | AY25: =IF(V25="SUBSECUENTES","No aplica",IF(AX25=Y25,"OK_SUMA","Diferencia pagos en curso")) -> Diferencia pagos en curso | AZ25: =IF(AA25="Pago 1",IF(AI25="OK_SM",AG25,IF(AI25="OK_UMA",AH25,IF(AO25="OK_SALA",AM25,IF(AO25="OK_SALB",AN25,IF(AU25="OK_11.5%",AT25,IF(AU25="OK_RCV",AS25,"Error en validación")))))),"No aplica") -> No aplica | BA25: =IF(ISNUMBER(AZ25),"OK_cálculo pago 1",AZ25) -> No aplica | BB25: =IF(AW25="OK_IC",AV25,IF(AY25="OK_SUMA",AX25,IF(AI25="OK_SM",AG25,IF(AI25="OK_UMA",AH25,IF(AO25="OK_SALA",AM25,IF(AO25="OK_SALB",AN25,IF(AU25="OK_11.5%",AT25,IF(AU25="OK_RCV",AS25,"Error en validación")))))))) -> 49719.772 | BC25: =IF(Z25="Error 1","No cuadran el Instructivo de Cobro y el monto de Cognos",IF(AND(AW25="Revisar Pendientes",AY25<>"OK_SUMA"),"Diferencia entre instructivo de cobro actual y de primer pago",IF(AI25<>"Error Validacion 1","Validación correcta",IF(OR(AO25="OK_SALA",AO25="OK_SALB"),"Validación correcta", IF(AU25="Error Validación 4", IF(AA25="Pago único","No cuadra el cálculo realizado contra Instructivo y Cognos","No cuadra cálculo realizado contra Instructivo"), "Validación correcta"))))) -> Validación correcta | BD25: =IF(BC25="Validación correcta","Ningún comentario",IF(BC25="No cuadran el Instructivo de Cobro y el monto de Cognos","Inconsistencia en los datos de origen","Inconsistencia entre datos de origen y cálculo")) -> Ningún comentario | BE25: Actual | BF25: Procesado
A26: 8000251553 | B26: 0620030349 | C26: RETIRO POR DESEMPLEO IMSS | D26: CON IMAGENES COMPLETAS | E26: 44120.64 | F26: 31314.02 | G26: 0 | H26: 24048677074 | I26: TARJ860129HSRPMS03 | J26: RETIRO PARCIAL IMSS | K26: Titular/Trabajador | L26: TARJ860129HSRPMS03 | M26: HERMOSILLO | N26: 20201016 15:18:09 | T26: 1 | U26: 32706193336114 | W26: 202010161509264320 | Y26: 31314.02 | Z26: =IF(Y26=F26,"OK","Error 1") -> OK | AA26: Pago único | AC26: =IF(AA26="Pago 1",AB26+Y26,"0") -> 0 | AD26: 44120 | AE26: =IF(V26="SUBSECUENTE","No aplica",VLOOKUP(YEAR(AD26),'SALARIO MINIMO'!A1:B100,2,FALSE)) -> 123.22 | AF26: =IF(V26="SUBSECUENTE","No aplica",IF(YEAR(AD26)=2016,VLOOKUP(YEAR(AD26),UMA!A1:B100,2,FALSE),IF(MONTH(AD26)=1,VLOOKUP((YEAR(AD26))-1,UMA!A1:B100,2,FALSE),VLOOKUP(YEAR(AD26),UMA!A1:B100,2,FALSE)))) -> 86.88 | AG26: =IF(V26="SUBSECUENTE","No aplica",IFERROR(IF(SEARCH("desempleo",C26),AE26*30*10),AE26*30)) -> 36966 | AH26: =IF(V26="SUBSECUENTE","No aplica",IFERROR(IF(SEARCH("desempleo",C26),AF26*30*10),AF26*30)) -> 26064 | AI26: =IF(V26="SUBSECUENTE","No aplica",IF(AA26="Pago único",IF(AG26=Y26,"OK_SM",IF(AH26=Y26,"OK_UMA","Error Validacion 1")),IF(AG26=AC26,"OK_SM",IF(AH26=AC26,"OK_UMA","Error Validacion 1")))) -> Error Validacion 1 | AJ26: =N26 -> 20201016 15:18:09 | AK26: 1050.81 | AL26: 1058.89 | AM26: =IF(C26="RETIRO POR MATRIMONIO IMSS", 0,AK26*30) -> 31524.3 | AN26: =IF(C26="RETIRO POR MATRIMONIO IMSS", 0,AL26*90) -> 95300.1 | AO26: =IF(V26="SUBSECUENTE","No aplica",IF(AA26="Pago único",IF(AM26=Y26,"OK_SALA",IF(AN26=Y26,"OK_SALB","Revisar_11.5%")),IF(AM26=AC26,"OK_SALA",IF(AN26=AC26,"OK_SALB","Revisar_11.5%")))) -> Revisar_11.5% | AP26: 20568.263 | AQ26: PROF-85 | AR26: 13.238638 | AS26: =AP26*AR26 -> 272295.78 | AT26: =IF(V26="SUBSECUENTE","No aplica",IF(AO26="OK_SALA","SAL_A",IF(AO26="OK_SALB","SAL_B",IF(AO26="Revisar_11.5%",AS26*0.115,"Error Validación 2")))) -> 31314.015 | AU26: =IF(V26="SUBSECUENTE","No aplica",IF(AA26="Pago único",IF(AT26<>"SAL_A",IF(ABS(AT26-Y26)<0.02,"OK_11.5%",IF(ABS(AS26-Y26)<0.02,"OK_RCV","Error Validación 4")),"SAL_A"),IF(AT26<>"SAL_A",IF(ABS(AT26-AC26)<0.02,"OK_11.5%",IF(ABS(AS26-AC26)<0.02,"OK_RCV","Error Validación 4")),"SAL_A"))) -> OK_11.5% | AW26: =IF(V26="SUBSECUENTE",IF(AV26=Y26,"OK_IC","Revisar Pendientes"),"") | AY26: =IF(V26="SUBSECUENTES","No aplica",IF(AX26=Y26,"OK_SUMA","Diferencia pagos en curso")) -> Diferencia pagos en curso | AZ26: =IF(AA26="Pago 1",IF(AI26="OK_SM",AG26,IF(AI26="OK_UMA",AH26,IF(AO26="OK_SALA",AM26,IF(AO26="OK_SALB",AN26,IF(AU26="OK_11.5%",AT26,IF(AU26="OK_RCV",AS26,"Error en validación")))))),"No aplica") -> No aplica | BA26: =IF(ISNUMBER(AZ26),"OK_cálculo pago 1",AZ26) -> No aplica | BB26: =IF(AW26="OK_IC",AV26,IF(AY26="OK_SUMA",AX26,IF(AI26="OK_SM",AG26,IF(AI26="OK_UMA",AH26,IF(AO26="OK_SALA",AM26,IF(AO26="OK_SALB",AN26,IF(AU26="OK_11.5%",AT26,IF(AU26="OK_RCV",AS26,"Error en validación")))))))) -> 31314.015 | BC26: =IF(Z26="Error 1","No cuadran el Instructivo de Cobro y el monto de Cognos",IF(AND(AW26="Revisar Pendientes",AY26<>"OK_SUMA"),"Diferencia entre instructivo de cobro actual y de primer pago",IF(AI26<>"Error Validacion 1","Validación correcta",IF(OR(AO26="OK_SALA",AO26="OK_SALB"),"Validación correcta", IF(AU26="Error Validación 4", IF(AA26="Pago único","No cuadra el cálculo realizado contra Instructivo y Cognos","No cuadra cálculo realizado contra Instructivo"), "Validación correcta"))))) -> Validación correcta | BD26: =IF(BC26="Validación correcta","Ningún comentario",IF(BC26="No cuadran el Instructivo de Cobro y el monto de Cognos","Inconsistencia en los datos de origen","Inconsistencia entre datos de origen y cálculo")) -> Ningún comentario | BE26: Actual | BF26: Procesado
A27: 8000251180 | B27: 3300035959 | C27: RETIRO POR DESEMPLEO IMSS | D27: CON IMAGENES COMPLETAS | E27: 44120.506 | F27: 12030.9 | G27: 0 | H27: 03149370920 | I27: TIGS931027MVZNNF05 | J27: RETIRO PARCIAL IMSS | K27: Titular/Trabajador | L27: TIGS931027MVZNNF05 | M27: VERACRUZ | N27: 20201016 12:00:33 | T27: 1 | U27: 56000368283463 | W27: 202010161155124606 | Y27: 12030.9 | Z27: =IF(Y27=F27,"OK","Error 1") -> OK | AA27: Pago único | AC27: =IF(AA27="Pago 1",AB27+Y27,"0") -> 0 | AD27: 44120 | AE27: =IF(V27="SUBSECUENTE","No aplica",VLOOKUP(YEAR(AD27),'SALARIO MINIMO'!A1:B100,2,FALSE)) -> 123.22 | AF27: =IF(V27="SUBSECUENTE","No aplica",IF(YEAR(AD27)=2016,VLOOKUP(YEAR(AD27),UMA!A1:B100,2,FALSE),IF(MONTH(AD27)=1,VLOOKUP((YEAR(AD27))-1,UMA!A1:B100,2,FALSE),VLOOKUP(YEAR(AD27),UMA!A1:B100,2,FALSE)))) -> 86.88 | AG27: =IF(V27="SUBSECUENTE","No aplica",IFERROR(IF(SEARCH("desempleo",C27),AE27*30*10),AE27*30)) -> 36966 | AH27: =IF(V27="SUBSECUENTE","No aplica",IFERROR(IF(SEARCH("desempleo",C27),AF27*30*10),AF27*30)) -> 26064 | AI27: =IF(V27="SUBSECUENTE","No aplica",IF(AA27="Pago único",IF(AG27=Y27,"OK_SM",IF(AH27=Y27,"OK_UMA","Error Validacion 1")),IF(AG27=AC27,"OK_SM",IF(AH27=AC27,"OK_UMA","Error Validacion 1")))) -> Error Validacion 1 | AJ27: =N27 -> 20201016 12:00:33 | AK27: 401.03 | AL27: 243.7 | AM27: =IF(C27="RETIRO POR MATRIMONIO IMSS", 0,AK27*30) -> 12030.9 | AN27: =IF(C27="RETIRO POR MATRIMONIO IMSS", 0,AL27*90) -> 21933 | AO27: =IF(V27="SUBSECUENTE","No aplica",IF(AA27="Pago único",IF(AM27=Y27,"OK_SALA",IF(AN27=Y27,"OK_SALB","Revisar_11.5%")),IF(AM27=AC27,"OK_SALA",IF(AN27=AC27,"OK_SALB","Revisar_11.5%")))) -> OK_SALA | AP27: 2281.3949 | AQ27: PROF-90 | AR27: 13.148607 | AS27: =AP27*AR27 -> 29997.165 | AT27: =IF(V27="SUBSECUENTE","No aplica",IF(AO27="OK_SALA","SAL_A",IF(AO27="OK_SALB","SAL_B",IF(AO27="Revisar_11.5%",AS27*0.115,"Error Validación 2")))) -> SAL_A | AU27: =IF(V27="SUBSECUENTE","No aplica",IF(AA27="Pago único",IF(AT27<>"SAL_A",IF(ABS(AT27-Y27)<0.02,"OK_11.5%",IF(ABS(AS27-Y27)<0.02,"OK_RCV","Error Validación 4")),"SAL_A"),IF(AT27<>"SAL_A",IF(ABS(AT27-AC27)<0.02,"OK_11.5%",IF(ABS(AS27-AC27)<0.02,"OK_RCV","Error Validación 4")),"SAL_A"))) -> SAL_A | AW27: =IF(V27="SUBSECUENTE",IF(AV27=Y27,"OK_IC","Revisar Pendientes"),"") | AY27: =IF(V27="SUBSECUENTES","No aplica",IF(AX27=Y27,"OK_SUMA","Diferencia pagos en curso")) -> Diferencia pagos en curso | AZ27: =IF(AA27="Pago 1",IF(AI27="OK_SM",AG27,IF(AI27="OK_UMA",AH27,IF(AO27="OK_SALA",AM27,IF(AO27="OK_SALB",AN27,IF(AU27="OK_11.5%",AT27,IF(AU27="OK_RCV",AS27,"Error en validación")))))),"No aplica") -> No aplica | BA27: =IF(ISNUMBER(AZ27),"OK_cálculo pago 1",AZ27) -> No aplica | BB27: =IF(AW27="OK_IC",AV27,IF(AY27="OK_SUMA",AX27,IF(AI27="OK_SM",AG27,IF(AI27="OK_UMA",AH27,IF(AO27="OK_SALA",AM27,IF(AO27="OK_SALB",AN27,IF(AU27="OK_11.5%",AT27,IF(AU27="OK_RCV",AS27,"Error en validación")))))))) -> 12030.9 | BC27: =IF(Z27="Error 1","No cuadran el Instructivo de Cobro y el monto de Cognos",IF(AND(AW27="Revisar Pendientes",AY27<>"OK_SUMA"),"Diferencia entre instructivo de cobro actual y de primer pago",IF(AI27<>"Error Validacion 1","Validación correcta",IF(OR(AO27="OK_SALA",AO27="OK_SALB"),"Validación correcta", IF(AU27="Error Validación 4", IF(AA27="Pago único","No cuadra el cálculo realizado contra Instructivo y Cognos","No cuadra cálculo realizado contra Instructivo"), "Validación correcta"))))) -> Validación correcta | BD27: =IF(BC27="Validación correcta","Ningún comentario",IF(BC27="No cuadran el Instructivo de Cobro y el monto de Cognos","Inconsistencia en los datos de origen","Inconsistencia entre datos de origen y cálculo")) -> Ningún comentario | BE27: Actual | BF27: Procesado
A28: 8000251212 | B28: 3300118829 | C28: RETIRO POR DESEMPLEO IMSS | D28: CON IMAGENES COMPLETAS | E28: 44120.521 | F28: 5180.4 | G28: 0 | H28: 45987952889 | I28: PATB790616MJCLRL01 | J28: RETIRO PARCIAL IMSS | K28: Titular/Trabajador | L28: PATB790616MJCLRL01 | M28: GUADALAJARA | N28: 20201016 12:17:31 | T28: 1 | U28: 58082407983001 | W28: 202010161211092335 | Y28: 5180.4 | Z28: =IF(Y28=F28,"OK","Error 1") -> OK | AA28: Pago único | AC28: =IF(AA28="Pago 1",AB28+Y28,"0") -> 0 | AD28: 44119 | AE28: =IF(V28="SUBSECUENTE","No aplica",VLOOKUP(YEAR(AD28),'SALARIO MINIMO'!A1:B100,2,FALSE)) -> 123.22 | AF28: =IF(V28="SUBSECUENTE","No aplica",IF(YEAR(AD28)=2016,VLOOKUP(YEAR(AD28),UMA!A1:B100,2,FALSE),IF(MONTH(AD28)=1,VLOOKUP((YEAR(AD28))-1,UMA!A1:B100,2,FALSE),VLOOKUP(YEAR(AD28),UMA!A1:B100,2,FALSE)))) -> 86.88 | AG28: =IF(V28="SUBSECUENTE","No aplica",IFERROR(IF(SEARCH("desempleo",C28),AE28*30*10),AE28*30)) -> 36966 | AH28: =IF(V28="SUBSECUENTE","No aplica",IFERROR(IF(SEARCH("desempleo",C28),AF28*30*10),AF28*30)) -> 26064 | AI28: =IF(V28="SUBSECUENTE","No aplica",IF(AA28="Pago único",IF(AG28=Y28,"OK_SM",IF(AH28=Y28,"OK_UMA","Error Validacion 1")),IF(AG28=AC28,"OK_SM",IF(AH28=AC28,"OK_UMA","Error Validacion 1")))) -> Error Validacion 1 | AJ28: =N28 -> 20201016 12:17:31 | AK28: 172.68 | AL28: 146.88 | AM28: =IF(C28="RETIRO POR MATRIMONIO IMSS", 0,AK28*30) -> 5180.4 | AN28: =IF(C28="RETIRO POR MATRIMONIO IMSS", 0,AL28*90) -> 13219.2 | AO28: =IF(V28="SUBSECUENTE","No aplica",IF(AA28="Pago único",IF(AM28=Y28,"OK_SALA",IF(AN28=Y28,"OK_SALB","Revisar_11.5%")),IF(AM28=AC28,"OK_SALA",IF(AN28=AC28,"OK_SALB","Revisar_11.5%")))) -> OK_SALA | AP28: 2989.4543 | AQ28: PROF-75 | AR28: 12.09101 | AS28: =AP28*AR28 -> 36145.522 | AT28: =IF(V28="SUBSECUENTE","No aplica",IF(AO28="OK_SALA","SAL_A",IF(AO28="OK_SALB","SAL_B",IF(AO28="Revisar_11.5%",AS28*0.115,"Error Validación 2")))) -> SAL_A | AU28: =IF(V28="SUBSECUENTE","No aplica",IF(AA28="Pago único",IF(AT28<>"SAL_A",IF(ABS(AT28-Y28)<0.02,"OK_11.5%",IF(ABS(AS28-Y28)<0.02,"OK_RCV","Error Validación 4")),"SAL_A"),IF(AT28<>"SAL_A",IF(ABS(AT28-AC28)<0.02,"OK_11.5%",IF(ABS(AS28-AC28)<0.02,"OK_RCV","Error Validación 4")),"SAL_A"))) -> SAL_A | AW28: =IF(V28="SUBSECUENTE",IF(AV28=Y28,"OK_IC","Revisar Pendientes"),"") | AY28: =IF(V28="SUBSECUENTES","No aplica",IF(AX28=Y28,"OK_SUMA","Diferencia pagos en curso")) -> Diferencia pagos en curso | AZ28: =IF(AA28="Pago 1",IF(AI28="OK_SM",AG28,IF(AI28="OK_UMA",AH28,IF(AO28="OK_SALA",AM28,IF(AO28="OK_SALB",AN28,IF(AU28="OK_11.5%",AT28,IF(AU28="OK_RCV",AS28,"Error en validación")))))),"No aplica") -> No aplica | BA28: =IF(ISNUMBER(AZ28),"OK_cálculo pago 1",AZ28) -> No aplica | BB28: =IF(AW28="OK_IC",AV28,IF(AY28="OK_SUMA",AX28,IF(AI28="OK_SM",AG28,IF(AI28="OK_UMA",AH28,IF(AO28="OK_SALA",AM28,IF(AO28="OK_SALB",AN28,IF(AU28="OK_11.5%",AT28,IF(AU28="OK_RCV",AS28,"Error en validación")))))))) -> 5180.4 | BC28: =IF(Z28="Error 1","No cuadran el Instructivo de Cobro y el monto de Cognos",IF(AND(AW28="Revisar Pendientes",AY28<>"OK_SUMA"),"Diferencia entre instructivo de cobro actual y de primer pago",IF(AI28<>"Error Validacion 1","Validación correcta",IF(OR(AO28="OK_SALA",AO28="OK_SALB"),"Validación correcta", IF(AU28="Error Validación 4", IF(AA28="Pago único","No cuadra el cálculo realizado contra Instructivo y Cognos","No cuadra cálculo realizado contra Instructivo"), "Validación correcta"))))) -> Validación correcta | BD28: =IF(BC28="Validación correcta","Ningún comentario",IF(BC28="No cuadran el Instructivo de Cobro y el monto de Cognos","Inconsistencia en los datos de origen","Inconsistencia entre datos de origen y cálculo")) -> Ningún comentario | BE28: Actual | BF28: Procesado
A29: 8000250672 | B29: 3200741191 | C29: RETIRO DE AYUDA PARA GASTOS DE MATRIMONIO IMSS | D29: ACEPTADO MC | E29: 44120.496 | F29: 1033.5 | G29: 0 | H29: 90947606043 | I29: PAPR760505HDFDRM00 | J29: RETIRO PARCIAL IMSS | K29: Titular/Trabajador | L29: PAPR760505HDFDRM00 | M29: CUAUTITLAN | N29: 20201016 08:47:36 | T29: 1 | U29: 67721490441893 | W29: 202010160838440002 | Y29: 1033.5 | Z29: =IF(Y29=F29,"OK","Error 1") -> OK | AA29: Pago único | AC29: =IF(AA29="Pago 1",AB29+Y29,"0") -> 0 | AD29: 36421 | AE29: =IF(V29="SUBSECUENTE","No aplica",VLOOKUP(YEAR(AD29),'SALARIO MINIMO'!A1:B100,2,FALSE)) -> 34.45 | AF29: =IF(V29="SUBSECUENTE","No aplica",IF(YEAR(AD29)=2016,VLOOKUP(YEAR(AD29),UMA!A1:B100,2,FALSE),IF(MONTH(AD29)=1,VLOOKUP((YEAR(AD29))-1,UMA!A1:B100,2,FALSE),VLOOKUP(YEAR(AD29),UMA!A1:B100,2,FALSE)))) -> #N/A | AG29: =IF(V29="SUBSECUENTE","No aplica",IFERROR(IF(SEARCH("desempleo",C29),AE29*30*10),AE29*30)) -> 1033.5 | AH29: =IF(V29="SUBSECUENTE","No aplica",IFERROR(IF(SEARCH("desempleo",C29),AF29*30*10),AF29*30)) -> #N/A | AI29: =IF(V29="SUBSECUENTE","No aplica",IF(AA29="Pago único",IF(AG29=Y29,"OK_SM",IF(AH29=Y29,"OK_UMA","Error Validacion 1")),IF(AG29=AC29,"OK_SM",IF(AH29=AC29,"OK_UMA","Error Validacion 1")))) -> OK_SM | AJ29: =N29 -> 20201016 08:47:36 | AK29: 1033.5 | AL29: 0 | AM29: =IF(C29="RETIRO POR MATRIMONIO IMSS", 0,AK29*30) -> 31005 | AN29: =IF(C29="RETIRO POR MATRIMONIO IMSS", 0,AL29*90) -> 0 | AO29: =IF(V29="SUBSECUENTE","No aplica",IF(AA29="Pago único",IF(AM29=Y29,"OK_SALA",IF(AN29=Y29,"OK_SALB","Revisar_11.5%")),IF(AM29=AC29,"OK_SALA",IF(AN29=AC29,"OK_SALB","Revisar_11.5%")))) -> Revisar_11.5% | AP29: 17831.617 | AQ29: PROF-75 | AR29: 12.09101 | AS29: =AP29*AR29 -> 215602.26 | AT29: =IF(V29="SUBSECUENTE","No aplica",IF(AO29="OK_SALA","SAL_A",IF(AO29="OK_SALB","SAL_B",IF(AO29="Revisar_11.5%",AS29*0.115,"Error Validación 2")))) -> 24794.26 | AU29: =IF(V29="SUBSECUENTE","No aplica",IF(AA29="Pago único",IF(AT29<>"SAL_A",IF(ABS(AT29-Y29)<0.02,"OK_11.5%",IF(ABS(AS29-Y29)<0.02,"OK_RCV","Error Validación 4")),"SAL_A"),IF(AT29<>"SAL_A",IF(ABS(AT29-AC29)<0.02,"OK_11.5%",IF(ABS(AS29-AC29)<0.02,"OK_RCV","Error Validación 4")),"SAL_A"))) -> Error Validación 4 | AW29: =IF(V29="SUBSECUENTE",IF(AV29=Y29,"OK_IC","Revisar Pendientes"),"") | AY29: =IF(V29="SUBSECUENTES","No aplica",IF(AX29=Y29,"OK_SUMA","Diferencia pagos en curso")) -> Diferencia pagos en curso | AZ29: =IF(AA29="Pago 1",IF(AI29="OK_SM",AG29,IF(AI29="OK_UMA",AH29,IF(AO29="OK_SALA",AM29,IF(AO29="OK_SALB",AN29,IF(AU29="OK_11.5%",AT29,IF(AU29="OK_RCV",AS29,"Error en validación")))))),"No aplica") -> No aplica | BA29: =IF(ISNUMBER(AZ29),"OK_cálculo pago 1",AZ29) -> No aplica | BB29: =IF(AW29="OK_IC",AV29,IF(AY29="OK_SUMA",AX29,IF(AI29="OK_SM",AG29,IF(AI29="OK_UMA",AH29,IF(AO29="OK_SALA",AM29,IF(AO29="OK_SALB",AN29,IF(AU29="OK_11.5%",AT29,IF(AU29="OK_RCV",AS29,"Error en validación")))))))) -> 1033.5 | BC29: =IF(Z29="Error 1","No cuadran el Instructivo de Cobro y el monto de Cognos",IF(AND(AW29="Revisar Pendientes",AY29<>"OK_SUMA"),"Diferencia entre instructivo de cobro actual y de primer pago",IF(AI29<>"Error Validacion 1","Validación correcta",IF(OR(AO29="OK_SALA",AO29="OK_SALB"),"Validación correcta", IF(AU29="Error Validación 4", IF(AA29="Pago único","No cuadra el cálculo realizado contra Instructivo y Cognos","No cuadra cálculo realizado contra Instructivo"), "Validación correcta"))))) -> Validación correcta | BD29: =IF(BC29="Validación correcta","Ningún comentario",IF(BC29="No cuadran el Instructivo de Cobro y el monto de Cognos","Inconsistencia en los datos de origen","Inconsistencia entre datos de origen y cálculo")) -> Ningún comentario | BE29: Actual | BF29: Procesado
A30: 8000250754 | B30: 3200378741 | C30: RETIRO POR DESEMPLEO IMSS | D30: CON IMAGENES COMPLETAS | E30: 44120.385 | F30: 11601.6 | G30: 0 | H30: 02158183737 | I30: PEOC811212HQTXVS07 | J30: RETIRO PARCIAL IMSS | K30: Titular/Trabajador | L30: PEOC811212HQTXVS07 | M30: QUERETARO | N30: 20201016 09:11:07 | T30: 1 | U30: 28984498507853 | W30: 202010160906550218 | Y30: 11601.6 | Z30: =IF(Y30=F30,"OK","Error 1") -> OK | AA30: Pago único | AC30: =IF(AA30="Pago 1",AB30+Y30,"0") -> 0 | AD30: 44120 | AE30: =IF(V30="SUBSECUENTE","No aplica",VLOOKUP(YEAR(AD30),'SALARIO MINIMO'!A1:B100,2,FALSE)) -> 123.22 | AF30: =IF(V30="SUBSECUENTE","No aplica",IF(YEAR(AD30)=2016,VLOOKUP(YEAR(AD30),UMA!A1:B100,2,FALSE),IF(MONTH(AD30)=1,VLOOKUP((YEAR(AD30))-1,UMA!A1:B100,2,FALSE),VLOOKUP(YEAR(AD30),UMA!A1:B100,2,FALSE)))) -> 86.88 | AG30: =IF(V30="SUBSECUENTE","No aplica",IFERROR(IF(SEARCH("desempleo",C30),AE30*30*10),AE30*30)) -> 36966 | AH30: =IF(V30="SUBSECUENTE","No aplica",IFERROR(IF(SEARCH("desempleo",C30),AF30*30*10),AF30*30)) -> 26064 | AI30: =IF(V30="SUBSECUENTE","No aplica",IF(AA30="Pago único",IF(AG30=Y30,"OK_SM",IF(AH30=Y30,"OK_UMA","Error Validacion 1")),IF(AG30=AC30,"OK_SM",IF(AH30=AC30,"OK_UMA","Error Validacion 1")))) -> Error Validacion 1 | AJ30: =N30 -> 20201016 09:11:07 | AK30: 386.72 | AL30: 177.5 | AM30: =IF(C30="RETIRO POR MATRIMONIO IMSS", 0,AK30*30) -> 11601.6 | AN30: =IF(C30="RETIRO POR MATRIMONIO IMSS", 0,AL30*90) -> 15975 | AO30: =IF(V30="SUBSECUENTE","No aplica",IF(AA30="Pago único",IF(AM30=Y30,"OK_SALA",IF(AN30=Y30,"OK_SALB","Revisar_11.5%")),IF(AM30=AC30,"OK_SALA",IF(AN30=AC30,"OK_SALB","Revisar_11.5%")))) -> OK_SALA | AP30: 3461.4044 | AQ30: PROF-80 | AR30: 10.927196 | AS30: =AP30*AR30 -> 37823.444 | AT30: =IF(V30="SUBSECUENTE","No aplica",IF(AO30="OK_SALA","SAL_A",IF(AO30="OK_SALB","SAL_B",IF(AO30="Revisar_11.5%",AS30*0.115,"Error Validación 2")))) -> SAL_A | AU30: =IF(V30="SUBSECUENTE","No aplica",IF(AA30="Pago único",IF(AT30<>"SAL_A",IF(ABS(AT30-Y30)<0.02,"OK_11.5%",IF(ABS(AS30-Y30)<0.02,"OK_RCV","Error Validación 4")),"SAL_A"),IF(AT30<>"SAL_A",IF(ABS(AT30-AC30)<0.02,"OK_11.5%",IF(ABS(AS30-AC30)<0.02,"OK_RCV","Error Validación 4")),"SAL_A"))) -> SAL_A | AW30: =IF(V30="SUBSECUENTE",IF(AV30=Y30,"OK_IC","Revisar Pendientes"),"") | AY30: =IF(V30="SUBSECUENTES","No aplica",IF(AX30=Y30,"OK_SUMA","Diferencia pagos en curso")) -> Diferencia pagos en curso | AZ30: =IF(AA30="Pago 1",IF(AI30="OK_SM",AG30,IF(AI30="OK_UMA",AH30,IF(AO30="OK_SALA",AM30,IF(AO30="OK_SALB",AN30,IF(AU30="OK_11.5%",AT30,IF(AU30="OK_RCV",AS30,"Error en validación")))))),"No aplica") -> No aplica | BA30: =IF(ISNUMBER(AZ30),"OK_cálculo pago 1",AZ30) -> No aplica | BB30: =IF(AW30="OK_IC",AV30,IF(AY30="OK_SUMA",AX30,IF(AI30="OK_SM",AG30,IF(AI30="OK_UMA",AH30,IF(AO30="OK_SALA",AM30,IF(AO30="OK_SALB",AN30,IF(AU30="OK_11.5%",AT30,IF(AU30="OK_RCV",AS30,"Error en validación")))))))) -> 11601.6 | BC30: =IF(Z30="Error 1","No cuadran el Instructivo de Cobro y el monto de Cognos",IF(AND(AW30="Revisar Pendientes",AY30<>"OK_SUMA"),"Diferencia entre instructivo de cobro actual y de primer pago",IF(AI30<>"Error Validacion 1","Validación correcta",IF(OR(AO30="OK_SALA",AO30="OK_SALB"),"Validación correcta", IF(AU30="Error Validación 4", IF(AA30="Pago único","No cuadra el cálculo realizado contra Instructivo y Cognos","No cuadra cálculo realizado contra Instructivo"), "Validación correcta"))))) -> Validación correcta | BD30: =IF(BC30="Validación correcta","Ningún comentario",IF(BC30="No cuadran el Instructivo de Cobro y el monto de Cognos","Inconsistencia en los datos de origen","Inconsistencia entre datos de origen y cálculo")) -> Ningún comentario | BE30: Actual | BF30: Procesado
A31: 8000250625 | B31: 0430087623 | C31: RETIRO POR DESEMPLEO IMSS | D31: CON IMAGENES COMPLETAS | E31: 44120.347 | F31: 17854.5 | G31: 0 | H31: 51887314105 | I31: PAIS730607MASRBL06 | J31: RETIRO PARCIAL IMSS | K31: Titular/Trabajador | L31: PAIS730607MASRBL06 | M31: AGUASCALIENTES | N31: 20201016 08:15:25 | T31: 1 | U31: 78279131669790 | W31: 202010160810270048 | Y31: 17854.5 | Z31: =IF(Y31=F31,"OK","Error 1") -> OK | AA31: Pago único | AC31: =IF(AA31="Pago 1",AB31+Y31,"0") -> 0 | AD31: 44120 | AE31: =IF(V31="SUBSECUENTE","No aplica",VLOOKUP(YEAR(AD31),'SALARIO MINIMO'!A1:B100,2,FALSE)) -> 123.22 | AF31: =IF(V31="SUBSECUENTE","No aplica",IF(YEAR(AD31)=2016,VLOOKUP(YEAR(AD31),UMA!A1:B100,2,FALSE),IF(MONTH(AD31)=1,VLOOKUP((YEAR(AD31))-1,UMA!A1:B100,2,FALSE),VLOOKUP(YEAR(AD31),UMA!A1:B100,2,FALSE)))) -> 86.88 | AG31: =IF(V31="SUBSECUENTE","No aplica",IFERROR(IF(SEARCH("desempleo",C31),AE31*30*10),AE31*30)) -> 36966 | AH31: =IF(V31="SUBSECUENTE","No aplica",IFERROR(IF(SEARCH("desempleo",C31),AF31*30*10),AF31*30)) -> 26064 | AI31: =IF(V31="SUBSECUENTE","No aplica",IF(AA31="Pago único",IF(AG31=Y31,"OK_SM",IF(AH31=Y31,"OK_UMA","Error Validacion 1")),IF(AG31=AC31,"OK_SM",IF(AH31=AC31,"OK_UMA","Error Validacion 1")))) -> Error Validacion 1 | AJ31: =N31 -> 20201016 08:15:25 | AK31: 595.15 | AL31: 418.53 | AM31: =IF(C31="RETIRO POR MATRIMONIO IMSS", 0,AK31*30) -> 17854.5 | AN31: =IF(C31="RETIRO POR MATRIMONIO IMSS", 0,AL31*90) -> 37667.7 | AO31: =IF(V31="SUBSECUENTE","No aplica",IF(AA31="Pago único",IF(AM31=Y31,"OK_SALA",IF(AN31=Y31,"OK_SALB","Revisar_11.5%")),IF(AM31=AC31,"OK_SALA",IF(AN31=AC31,"OK_SALB","Revisar_11.5%")))) -> OK_SALA | AP31: 12358.028 | AQ31: PROF-70 | AR31: 10.849608 | AS31: =AP31*AR31 -> 134079.76 | AT31: =IF(V31="SUBSECUENTE","No aplica",IF(AO31="OK_SALA","SAL_A",IF(AO31="OK_SALB","SAL_B",IF(AO31="Revisar_11.5%",AS31*0.115,"Error Validación 2")))) -> SAL_A | AU31: =IF(V31="SUBSECUENTE","No aplica",IF(AA31="Pago único",IF(AT31<>"SAL_A",IF(ABS(AT31-Y31)<0.02,"OK_11.5%",IF(ABS(AS31-Y31)<0.02,"OK_RCV","Error Validación 4")),"SAL_A"),IF(AT31<>"SAL_A",IF(ABS(AT31-AC31)<0.02,"OK_11.5%",IF(ABS(AS31-AC31)<0.02,"OK_RCV","Error Validación 4")),"SAL_A"))) -> SAL_A | AW31: =IF(V31="SUBSECUENTE",IF(AV31=Y31,"OK_IC","Revisar Pendientes"),"") | AY31: =IF(V31="SUBSECUENTES","No aplica",IF(AX31=Y31,"OK_SUMA","Diferencia pagos en curso")) -> Diferencia pagos en curso | AZ31: =IF(AA31="Pago 1",IF(AI31="OK_SM",AG31,IF(AI31="OK_UMA",AH31,IF(AO31="OK_SALA",AM31,IF(AO31="OK_SALB",AN31,IF(AU31="OK_11.5%",AT31,IF(AU31="OK_RCV",AS31,"Error en validación")))))),"No aplica") -> No aplica | BA31: =IF(ISNUMBER(AZ31),"OK_cálculo pago 1",AZ31) -> No aplica | BB31: =IF(AW31="OK_IC",AV31,IF(AY31="OK_SUMA",AX31,IF(AI31="OK_SM",AG31,IF(AI31="OK_UMA",AH31,IF(AO31="OK_SALA",AM31,IF(AO31="OK_SALB",AN31,IF(AU31="OK_11.5%",AT31,IF(AU31="OK_RCV",AS31,"Error en validación")))))))) -> 17854.5 | BC31: =IF(Z31="Error 1","No cuadran el Instructivo de Cobro y el monto de Cognos",IF(AND(AW31="Revisar Pendientes",AY31<>"OK_SUMA"),"Diferencia entre instructivo de cobro actual y de primer pago",IF(AI31<>"Error Validacion 1","Validación correcta",IF(OR(AO31="OK_SALA",AO31="OK_SALB"),"Validación correcta", IF(AU31="Error Validación 4", IF(AA31="Pago único","No cuadra el cálculo realizado contra Instructivo y Cognos","No cuadra cálculo realizado contra Instructivo"), "Validación correcta"))))) -> Validación correcta | BD31: =IF(BC31="Validación correcta","Ningún comentario",IF(BC31="No cuadran el Instructivo de Cobro y el monto de Cognos","Inconsistencia en los datos de origen","Inconsistencia entre datos de origen y cálculo")) -> Ningún comentario | BE31: Actual | BF31: Procesado
A32: 8000251131 | B32: 0720047737 | C32: RETIRO POR DESEMPLEO IMSS | D32: CON IMAGENES COMPLETAS | E32: 44120.49 | F32: 17494.5 | G32: 0 | H32: 23947797074 | I32: OUMA770716HSLSRN00 | J32: RETIRO PARCIAL IMSS | K32: Titular/Trabajador | L32: OUMA770716HSLSRN00 | M32: MAZATLAN | N32: 20201016 11:41:45 | T32: 1 | U32: 87028647929349 | W32: 202010161134060922 | Y32: 17494.5 | Z32: =IF(Y32=F32,"OK","Error 1") -> OK | AA32: Pago único | AC32: =IF(AA32="Pago 1",AB32+Y32,"0") -> 0 | AD32: 44120 | AE32: =IF(V32="SUBSECUENTE","No aplica",VLOOKUP(YEAR(AD32),'SALARIO MINIMO'!A1:B100,2,FALSE)) -> 123.22 | AF32: =IF(V32="SUBSECUENTE","No aplica",IF(YEAR(AD32)=2016,VLOOKUP(YEAR(AD32),UMA!A1:B100,2,FALSE),IF(MONTH(AD32)=1,VLOOKUP((YEAR(AD32))-1,UMA!A1:B100,2,FALSE),VLOOKUP(YEAR(AD32),UMA!A1:B100,2,FALSE)))) -> 86.88 | AG32: =IF(V32="SUBSECUENTE","No aplica",IFERROR(IF(SEARCH("desempleo",C32),AE32*30*10),AE32*30)) -> 36966 | AH32: =IF(V32="SUBSECUENTE","No aplica",IFERROR(IF(SEARCH("desempleo",C32),AF32*30*10),AF32*30)) -> 26064 | AI32: =IF(V32="SUBSECUENTE","No aplica",IF(AA32="Pago único",IF(AG32=Y32,"OK_SM",IF(AH32=Y32,"OK_UMA","Error Validacion 1")),IF(AG32=AC32,"OK_SM",IF(AH32=AC32,"OK_UMA","Error Validacion 1")))) -> Error Validacion 1 | AJ32: =N32 -> 20201016 11:41:45 | AK32: 583.15 | AL32: 353.8 | AM32: =IF(C32="RETIRO POR MATRIMONIO IMSS", 0,AK32*30) -> 17494.5 | AN32: =IF(C32="RETIRO POR MATRIMONIO IMSS", 0,AL32*90) -> 31842 | AO32: =IF(V32="SUBSECUENTE","No aplica",IF(AA32="Pago único",IF(AM32=Y32,"OK_SALA",IF(AN32=Y32,"OK_SALB","Revisar_11.5%")),IF(AM32=AC32,"OK_SALA",IF(AN32=AC32,"OK_SALB","Revisar_11.5%")))) -> OK_SALA | AP32: 10413.557 | AQ32: PROF-75 | AR32: 12.09101 | AS32: =AP32*AR32 -> 125910.43 | AT32: =IF(V32="SUBSECUENTE","No aplica",IF(AO32="OK_SALA","SAL_A",IF(AO32="OK_SALB","SAL_B",IF(AO32="Revisar_11.5%",AS32*0.115,"Error Validación 2")))) -> SAL_A | AU32: =IF(V32="SUBSECUENTE","No aplica",IF(AA32="Pago único",IF(AT32<>"SAL_A",IF(ABS(AT32-Y32)<0.02,"OK_11.5%",IF(ABS(AS32-Y32)<0.02,"OK_RCV","Error Validación 4")),"SAL_A"),IF(AT32<>"SAL_A",IF(ABS(AT32-AC32)<0.02,"OK_11.5%",IF(ABS(AS32-AC32)<0.02,"OK_RCV","Error Validación 4")),"SAL_A"))) -> SAL_A | AW32: =IF(V32="SUBSECUENTE",IF(AV32=Y32,"OK_IC","Revisar Pendientes"),"") | AY32: =IF(V32="SUBSECUENTES","No aplica",IF(AX32=Y32,"OK_SUMA","Diferencia pagos en curso")) -> Diferencia pagos en curso | AZ32: =IF(AA32="Pago 1",IF(AI32="OK_SM",AG32,IF(AI32="OK_UMA",AH32,IF(AO32="OK_SALA",AM32,IF(AO32="OK_SALB",AN32,IF(AU32="OK_11.5%",AT32,IF(AU32="OK_RCV",AS32,"Error en validación")))))),"No aplica") -> No aplica | BA32: =IF(ISNUMBER(AZ32),"OK_cálculo pago 1",AZ32) -> No aplica | BB32: =IF(AW32="OK_IC",AV32,IF(AY32="OK_SUMA",AX32,IF(AI32="OK_SM",AG32,IF(AI32="OK_UMA",AH32,IF(AO32="OK_SALA",AM32,IF(AO32="OK_SALB",AN32,IF(AU32="OK_11.5%",AT32,IF(AU32="OK_RCV",AS32,"Error en validación")))))))) -> 17494.5 | BC32: =IF(Z32="Error 1","No cuadran el Instructivo de Cobro y el monto de Cognos",IF(AND(AW32="Revisar Pendientes",AY32<>"OK_SUMA"),"Diferencia entre instructivo de cobro actual y de primer pago",IF(AI32<>"Error Validacion 1","Validación correcta",IF(OR(AO32="OK_SALA",AO32="OK_SALB"),"Validación correcta", IF(AU32="Error Validación 4", IF(AA32="Pago único","No cuadra el cálculo realizado contra Instructivo y Cognos","No cuadra cálculo realizado contra Instructivo"), "Validación correcta"))))) -> Validación correcta | BD32: =IF(BC32="Validación correcta","Ningún comentario",IF(BC32="No cuadran el Instructivo de Cobro y el monto de Cognos","Inconsistencia en los datos de origen","Inconsistencia entre datos de origen y cálculo")) -> Ningún comentario | BE32: Actual | BF32: Procesado
A33: 8000251364 | B33: 3300154417 | C33: RETIRO POR DESEMPLEO IMSS | D33: CON IMAGENES COMPLETAS | E33: 44120.546 | F33: 14322.9 | G33: 0 | H33: 04029000470 | I33: CACU900810MJCJLR09 | J33: RETIRO PARCIAL IMSS | K33: Titular/Trabajador | L33: CACU900810MJCJLR09 | M33: GUADALAJARA | N33: 20201016 12:58:38 | T33: 1 | U33: 52053609148803 | W33: 202010161253474321 | Y33: 14322.9 | Z33: =IF(Y33=F33,"OK","Error 1") -> OK | AA33: Pago único | AC33: =IF(AA33="Pago 1",AB33+Y33,"0") -> 0 | AD33: 44120 | AE33: =IF(V33="SUBSECUENTE","No aplica",VLOOKUP(YEAR(AD33),'SALARIO MINIMO'!A1:B100,2,FALSE)) -> 123.22 | AF33: =IF(V33="SUBSECUENTE","No aplica",IF(YEAR(AD33)=2016,VLOOKUP(YEAR(AD33),UMA!A1:B100,2,FALSE),IF(MONTH(AD33)=1,VLOOKUP((YEAR(AD33))-1,UMA!A1:B100,2,FALSE),VLOOKUP(YEAR(AD33),UMA!A1:B100,2,FALSE)))) -> 86.88 | AG33: =IF(V33="SUBSECUENTE","No aplica",IFERROR(IF(SEARCH("desempleo",C33),AE33*30*10),AE33*30)) -> 36966 | AH33: =IF(V33="SUBSECUENTE","No aplica",IFERROR(IF(SEARCH("desempleo",C33),AF33*30*10),AF33*30)) -> 26064 | AI33: =IF(V33="SUBSECUENTE","No aplica",IF(AA33="Pago único",IF(AG33=Y33,"OK_SM",IF(AH33=Y33,"OK_UMA","Error Validacion 1")),IF(AG33=AC33,"OK_SM",IF(AH33=AC33,"OK_UMA","Error Validacion 1")))) -> Error Validacion 1 | AJ33: =N33 -> 20201016 12:58:38 | AK33: 477.43 | AL33: 298.28 | AM33: =IF(C33="RETIRO POR MATRIMONIO IMSS", 0,AK33*30) -> 14322.9 | AN33: =IF(C33="RETIRO POR MATRIMONIO IMSS", 0,AL33*90) -> 26845.2 | AO33: =IF(V33="SUBSECUENTE","No aplica",IF(AA33="Pago único",IF(AM33=Y33,"OK_SALA",IF(AN33=Y33,"OK_SALB","Revisar_11.5%")),IF(AM33=AC33,"OK_SALA",IF(AN33=AC33,"OK_SALB","Revisar_11.5%")))) -> OK_SALA | AP33: 4500.2462 | AQ33: PROF-90 | AR33: 13.148607 | AS33: =AP33*AR33 -> 59171.969 | AT33: =IF(V33="SUBSECUENTE","No aplica",IF(AO33="OK_SALA","SAL_A",IF(AO33="OK_SALB","SAL_B",IF(AO33="Revisar_11.5%",AS33*0.115,"Error Validación 2")))) -> SAL_A | AU33: =IF(V33="SUBSECUENTE","No aplica",IF(AA33="Pago único",IF(AT33<>"SAL_A",IF(ABS(AT33-Y33)<0.02,"OK_11.5%",IF(ABS(AS33-Y33)<0.02,"OK_RCV","Error Validación 4")),"SAL_A"),IF(AT33<>"SAL_A",IF(ABS(AT33-AC33)<0.02,"OK_11.5%",IF(ABS(AS33-AC33)<0.02,"OK_RCV","Error Validación 4")),"SAL_A"))) -> SAL_A | AW33: =IF(V33="SUBSECUENTE",IF(AV33=Y33,"OK_IC","Revisar Pendientes"),"") | AY33: =IF(V33="SUBSECUENTES","No aplica",IF(AX33=Y33,"OK_SUMA","Diferencia pagos en curso")) -> Diferencia pagos en curso | AZ33: =IF(AA33="Pago 1",IF(AI33="OK_SM",AG33,IF(AI33="OK_UMA",AH33,IF(AO33="OK_SALA",AM33,IF(AO33="OK_SALB",AN33,IF(AU33="OK_11.5%",AT33,IF(AU33="OK_RCV",AS33,"Error en validación")))))),"No aplica") -> No aplica | BA33: =IF(ISNUMBER(AZ33),"OK_cálculo pago 1",AZ33) -> No aplica | BB33: =IF(AW33="OK_IC",AV33,IF(AY33="OK_SUMA",AX33,IF(AI33="OK_SM",AG33,IF(AI33="OK_UMA",AH33,IF(AO33="OK_SALA",AM33,IF(AO33="OK_SALB",AN33,IF(AU33="OK_11.5%",AT33,IF(AU33="OK_RCV",AS33,"Error en validación")))))))) -> 14322.9 | BC33: =IF(Z33="Error 1","No cuadran el Instructivo de Cobro y el monto de Cognos",IF(AND(AW33="Revisar Pendientes",AY33<>"OK_SUMA"),"Diferencia entre instructivo de cobro actual y de primer pago",IF(AI33<>"Error Validacion 1","Validación correcta",IF(OR(AO33="OK_SALA",AO33="OK_SALB"),"Validación correcta", IF(AU33="Error Validación 4", IF(AA33="Pago único","No cuadra el cálculo realizado contra Instructivo y Cognos","No cuadra cálculo realizado contra Instructivo"), "Validación correcta"))))) -> Validación correcta | BD33: =IF(BC33="Validación correcta","Ningún comentario",IF(BC33="No cuadran el Instructivo de Cobro y el monto de Cognos","Inconsistencia en los datos de origen","Inconsistencia entre datos de origen y cálculo")) -> Ningún comentario | BE33: Actual | BF33: Procesado
A34: 8000251442 | B34: 3200602321 | C34: RETIRO POR DESEMPLEO IMSS | D34: CON IMAGENES COMPLETAS | E34: 44120.559 | F34: 5165.7 | G34: 0 | H34: 96007915836 | I34: BAPF790424HPLZRD01 | J34: RETIRO PARCIAL IMSS | K34: Titular/Trabajador | L34: BAPF790424HPLZRD01 | M34: CONDESA | N34: 20201016 13:21:16 | T34: 1 | U34: 47563745030381 | W34: 202010161312442344 | Y34: 5165.7 | Z34: =IF(Y34=F34,"OK","Error 1") -> OK | AA34: Pago único | AC34: =IF(AA34="Pago 1",AB34+Y34,"0") -> 0 | AD34: 44120 | AE34: =IF(V34="SUBSECUENTE","No aplica",VLOOKUP(YEAR(AD34),'SALARIO MINIMO'!A1:B100,2,FALSE)) -> 123.22 | AF34: =IF(V34="SUBSECUENTE","No aplica",IF(YEAR(AD34)=2016,VLOOKUP(YEAR(AD34),UMA!A1:B100,2,FALSE),IF(MONTH(AD34)=1,VLOOKUP((YEAR(AD34))-1,UMA!A1:B100,2,FALSE),VLOOKUP(YEAR(AD34),UMA!A1:B100,2,FALSE)))) -> 86.88 | AG34: =IF(V34="SUBSECUENTE","No aplica",IFERROR(IF(SEARCH("desempleo",C34),AE34*30*10),AE34*30)) -> 36966 | AH34: =IF(V34="SUBSECUENTE","No aplica",IFERROR(IF(SEARCH("desempleo",C34),AF34*30*10),AF34*30)) -> 26064 | AI34: =IF(V34="SUBSECUENTE","No aplica",IF(AA34="Pago único",IF(AG34=Y34,"OK_SM",IF(AH34=Y34,"OK_UMA","Error Validacion 1")),IF(AG34=AC34,"OK_SM",IF(AH34=AC34,"OK_UMA","Error Validacion 1")))) -> Error Validacion 1 | AJ34: =N34 -> 20201016 13:21:16 | AK34: 172.19 | AL34: 155.96 | AM34: =IF(C34="RETIRO POR MATRIMONIO IMSS", 0,AK34*30) -> 5165.7 | AN34: =IF(C34="RETIRO POR MATRIMONIO IMSS", 0,AL34*90) -> 14036.4 | AO34: =IF(V34="SUBSECUENTE","No aplica",IF(AA34="Pago único",IF(AM34=Y34,"OK_SALA",IF(AN34=Y34,"OK_SALB","Revisar_11.5%")),IF(AM34=AC34,"OK_SALA",IF(AN34=AC34,"OK_SALB","Revisar_11.5%")))) -> OK_SALA | AP34: 10527.306 | AQ34: PROF-75 | AR34: 12.09101 | AS34: =AP34*AR34 -> 127285.76 | AT34: =IF(V34="SUBSECUENTE","No aplica",IF(AO34="OK_SALA","SAL_A",IF(AO34="OK_SALB","SAL_B",IF(AO34="Revisar_11.5%",AS34*0.115,"Error Validación 2")))) -> SAL_A | AU34: =IF(V34="SUBSECUENTE","No aplica",IF(AA34="Pago único",IF(AT34<>"SAL_A",IF(ABS(AT34-Y34)<0.02,"OK_11.5%",IF(ABS(AS34-Y34)<0.02,"OK_RCV","Error Validación 4")),"SAL_A"),IF(AT34<>"SAL_A",IF(ABS(AT34-AC34)<0.02,"OK_11.5%",IF(ABS(AS34-AC34)<0.02,"OK_RCV","Error Validación 4")),"SAL_A"))) -> SAL_A | AW34: =IF(V34="SUBSECUENTE",IF(AV34=Y34,"OK_IC","Revisar Pendientes"),"") | AY34: =IF(V34="SUBSECUENTES","No aplica",IF(AX34=Y34,"OK_SUMA","Diferencia pagos en curso")) -> Diferencia pagos en curso | AZ34: =IF(AA34="Pago 1",IF(AI34="OK_SM",AG34,IF(AI34="OK_UMA",AH34,IF(AO34="OK_SALA",AM34,IF(AO34="OK_SALB",AN34,IF(AU34="OK_11.5%",AT34,IF(AU34="OK_RCV",AS34,"Error en validación")))))),"No aplica") -> No aplica | BA34: =IF(ISNUMBER(AZ34),"OK_cálculo pago 1",AZ34) -> No aplica | BB34: =IF(AW34="OK_IC",AV34,IF(AY34="OK_SUMA",AX34,IF(AI34="OK_SM",AG34,IF(AI34="OK_UMA",AH34,IF(AO34="OK_SALA",AM34,IF(AO34="OK_SALB",AN34,IF(AU34="OK_11.5%",AT34,IF(AU34="OK_RCV",AS34,"Error en validación")))))))) -> 5165.7 | BC34: =IF(Z34="Error 1","No cuadran el Instructivo de Cobro y el monto de Cognos",IF(AND(AW34="Revisar Pendientes",AY34<>"OK_SUMA"),"Diferencia entre instructivo de cobro actual y de primer pago",IF(AI34<>"Error Validacion 1","Validación correcta",IF(OR(AO34="OK_SALA",AO34="OK_SALB"),"Validación correcta", IF(AU34="Error Validación 4", IF(AA34="Pago único","No cuadra el cálculo realizado contra Instructivo y Cognos","No cuadra cálculo realizado contra Instructivo"), "Validación correcta"))))) -> Validación correcta | BD34: =IF(BC34="Validación correcta","Ningún comentario",IF(BC34="No cuadran el Instructivo de Cobro y el monto de Cognos","Inconsistencia en los datos de origen","Inconsistencia entre datos de origen y cálculo")) -> Ningún comentario | BE34: Actual | BF34: Procesado
A35: 8000250947 | B35: 3300330010 | C35: RETIRO POR DESEMPLEO IMSS | D35: CON IMAGENES COMPLETAS | E35: 44120.44 | F35: 7590.9 | G35: 0 | H35: 18159666371 | I35: REAA960719MCHNRR03 | J35: RETIRO PARCIAL IMSS | K35: Titular/Trabajador | L35: REAA960719MCHNRR03 | M35: CD. JUAREZ | N35: 20201016 10:30:18 | T35: 1 | U35: 47418471848155 | W35: 202010161025050512 | Y35: 7590.9 | Z35: =IF(Y35=F35,"OK","Error 1") -> OK | AA35: Pago único | AC35: =IF(AA35="Pago 1",AB35+Y35,"0") -> 0 | AD35: 44120 | AE35: =IF(V35="SUBSECUENTE","No aplica",VLOOKUP(YEAR(AD35),'SALARIO MINIMO'!A1:B100,2,FALSE)) -> 123.22 | AF35: =IF(V35="SUBSECUENTE","No aplica",IF(YEAR(AD35)=2016,VLOOKUP(YEAR(AD35),UMA!A1:B100,2,FALSE),IF(MONTH(AD35)=1,VLOOKUP((YEAR(AD35))-1,UMA!A1:B100,2,FALSE),VLOOKUP(YEAR(AD35),UMA!A1:B100,2,FALSE)))) -> 86.88 | AG35: =IF(V35="SUBSECUENTE","No aplica",IFERROR(IF(SEARCH("desempleo",C35),AE35*30*10),AE35*30)) -> 36966 | AH35: =IF(V35="SUBSECUENTE","No aplica",IFERROR(IF(SEARCH("desempleo",C35),AF35*30*10),AF35*30)) -> 26064 | AI35: =IF(V35="SUBSECUENTE","No aplica",IF(AA35="Pago único",IF(AG35=Y35,"OK_SM",IF(AH35=Y35,"OK_UMA","Error Validacion 1")),IF(AG35=AC35,"OK_SM",IF(AH35=AC35,"OK_UMA","Error Validacion 1")))) -> Error Validacion 1 | AJ35: =N35 -> 20201016 10:30:18 | AK35: 253.03 | AL35: 191.3 | AM35: =IF(C35="RETIRO POR MATRIMONIO IMSS", 0,AK35*30) -> 7590.9 | AN35: =IF(C35="RETIRO POR MATRIMONIO IMSS", 0,AL35*90) -> 17217 | AO35: =IF(V35="SUBSECUENTE","No aplica",IF(AA35="Pago único",IF(AM35=Y35,"OK_SALA",IF(AN35=Y35,"OK_SALB","Revisar_11.5%")),IF(AM35=AC35,"OK_SALA",IF(AN35=AC35,"OK_SALB","Revisar_11.5%")))) -> OK_SALA | AP35: 2187.0884 | AQ35: PROF-BI | AR35: 13.153222 | AS35: =AP35*AR35 -> 28767.259 | AT35: =IF(V35="SUBSECUENTE","No aplica",IF(AO35="OK_SALA","SAL_A",IF(AO35="OK_SALB","SAL_B",IF(AO35="Revisar_11.5%",AS35*0.115,"Error Validación 2")))) -> SAL_A | AU35: =IF(V35="SUBSECUENTE","No aplica",IF(AA35="Pago único",IF(AT35<>"SAL_A",IF(ABS(AT35-Y35)<0.02,"OK_11.5%",IF(ABS(AS35-Y35)<0.02,"OK_RCV","Error Validación 4")),"SAL_A"),IF(AT35<>"SAL_A",IF(ABS(AT35-AC35)<0.02,"OK_11.5%",IF(ABS(AS35-AC35)<0.02,"OK_RCV","Error Validación 4")),"SAL_A"))) -> SAL_A | AW35: =IF(V35="SUBSECUENTE",IF(AV35=Y35,"OK_IC","Revisar Pendientes"),"") | AY35: =IF(V35="SUBSECUENTES","No aplica",IF(AX35=Y35,"OK_SUMA","Diferencia pagos en curso")) -> Diferencia pagos en curso | AZ35: =IF(AA35="Pago 1",IF(AI35="OK_SM",AG35,IF(AI35="OK_UMA",AH35,IF(AO35="OK_SALA",AM35,IF(AO35="OK_SALB",AN35,IF(AU35="OK_11.5%",AT35,IF(AU35="OK_RCV",AS35,"Error en validación")))))),"No aplica") -> No aplica | BA35: =IF(ISNUMBER(AZ35),"OK_cálculo pago 1",AZ35) -> No aplica | BB35: =IF(AW35="OK_IC",AV35,IF(AY35="OK_SUMA",AX35,IF(AI35="OK_SM",AG35,IF(AI35="OK_UMA",AH35,IF(AO35="OK_SALA",AM35,IF(AO35="OK_SALB",AN35,IF(AU35="OK_11.5%",AT35,IF(AU35="OK_RCV",AS35,"Error en validación")))))))) -> 7590.9 | BC35: =IF(Z35="Error 1","No cuadran el Instructivo de Cobro y el monto de Cognos",IF(AND(AW35="Revisar Pendientes",AY35<>"OK_SUMA"),"Diferencia entre instructivo de cobro actual y de primer pago",IF(AI35<>"Error Validacion 1","Validación correcta",IF(OR(AO35="OK_SALA",AO35="OK_SALB"),"Validación correcta", IF(AU35="Error Validación 4", IF(AA35="Pago único","No cuadra el cálculo realizado contra Instructivo y Cognos","No cuadra cálculo realizado contra Instructivo"), "Validación correcta"))))) -> Validación correcta | BD35: =IF(BC35="Validación correcta","Ningún comentario",IF(BC35="No cuadran el Instructivo de Cobro y el monto de Cognos","Inconsistencia en los datos de origen","Inconsistencia entre datos de origen y cálculo")) -> Ningún comentario | BE35: Actual | BF35: Procesado
A36: 8000250828 | B36: 3200521401 | C36: RETIRO POR DESEMPLEO IMSS | D36: CON IMAGENES COMPLETAS | E36: 44120.413 | F36: 26064 | G36: 0 | H36: 90068408955 | I36: GOLR840429HDFNPY01 | J36: RETIRO PARCIAL IMSS | K36: Titular/Trabajador | L36: GOLR840429HDFNPY01 | M36: CUAUTITLAN | N36: 20201016 09:51:18 | T36: 1 | U36: 63213769887684 | W36: 202010160943230333 | Y36: 26064 | Z36: =IF(Y36=F36,"OK","Error 1") -> OK | AA36: Pago único | AC36: =IF(AA36="Pago 1",AB36+Y36,"0") -> 0 | AD36: 44120 | AE36: =IF(V36="SUBSECUENTE","No aplica",VLOOKUP(YEAR(AD36),'SALARIO MINIMO'!A1:B100,2,FALSE)) -> 123.22 | AF36: =IF(V36="SUBSECUENTE","No aplica",IF(YEAR(AD36)=2016,VLOOKUP(YEAR(AD36),UMA!A1:B100,2,FALSE),IF(MONTH(AD36)=1,VLOOKUP((YEAR(AD36))-1,UMA!A1:B100,2,FALSE),VLOOKUP(YEAR(AD36),UMA!A1:B100,2,FALSE)))) -> 86.88 | AG36: =IF(V36="SUBSECUENTE","No aplica",IFERROR(IF(SEARCH("desempleo",C36),AE36*30*10),AE36*30)) -> 36966 | AH36: =IF(V36="SUBSECUENTE","No aplica",IFERROR(IF(SEARCH("desempleo",C36),AF36*30*10),AF36*30)) -> 26064 | AI36: =IF(V36="SUBSECUENTE","No aplica",IF(AA36="Pago único",IF(AG36=Y36,"OK_SM",IF(AH36=Y36,"OK_UMA","Error Validacion 1")),IF(AG36=AC36,"OK_SM",IF(AH36=AC36,"OK_UMA","Error Validacion 1")))) -> OK_UMA | AJ36: =N36 -> 20201016 09:51:18 | AK36: 1417.54 | AL36: 624.22 | AM36: =IF(C36="RETIRO POR MATRIMONIO IMSS", 0,AK36*30) -> 42526.2 | AN36: =IF(C36="RETIRO POR MATRIMONIO IMSS", 0,AL36*90) -> 56179.8 | AO36: =IF(V36="SUBSECUENTE","No aplica",IF(AA36="Pago único",IF(AM36=Y36,"OK_SALA",IF(AN36=Y36,"OK_SALB","Revisar_11.5%")),IF(AM36=AC36,"OK_SALA",IF(AN36=AC36,"OK_SALB","Revisar_11.5%")))) -> Revisar_11.5% | AP36: 13446.741 | AQ36: PROF-80 | AR36: 10.927196 | AS36: =AP36*AR36 -> 146935.18 | AT36: =IF(V36="SUBSECUENTE","No aplica",IF(AO36="OK_SALA","SAL_A",IF(AO36="OK_SALB","SAL_B",IF(AO36="Revisar_11.5%",AS36*0.115,"Error Validación 2")))) -> 16897.545 | AU36: =IF(V36="SUBSECUENTE","No aplica",IF(AA36="Pago único",IF(AT36<>"SAL_A",IF(ABS(AT36-Y36)<0.02,"OK_11.5%",IF(ABS(AS36-Y36)<0.02,"OK_RCV","Error Validación 4")),"SAL_A"),IF(AT36<>"SAL_A",IF(ABS(AT36-AC36)<0.02,"OK_11.5%",IF(ABS(AS36-AC36)<0.02,"OK_RCV","Error Validación 4")),"SAL_A"))) -> Error Validación 4 | AW36: =IF(V36="SUBSECUENTE",IF(AV36=Y36,"OK_IC","Revisar Pendientes"),"") | AY36: =IF(V36="SUBSECUENTES","No aplica",IF(AX36=Y36,"OK_SUMA","Diferencia pagos en curso")) -> Diferencia pagos en curso | AZ36: =IF(AA36="Pago 1",IF(AI36="OK_SM",AG36,IF(AI36="OK_UMA",AH36,IF(AO36="OK_SALA",AM36,IF(AO36="OK_SALB",AN36,IF(AU36="OK_11.5%",AT36,IF(AU36="OK_RCV",AS36,"Error en validación")))))),"No aplica") -> No aplica | BA36: =IF(ISNUMBER(AZ36),"OK_cálculo pago 1",AZ36) -> No aplica | BB36: =IF(AW36="OK_IC",AV36,IF(AY36="OK_SUMA",AX36,IF(AI36="OK_SM",AG36,IF(AI36="OK_UMA",AH36,IF(AO36="OK_SALA",AM36,IF(AO36="OK_SALB",AN36,IF(AU36="OK_11.5%",AT36,IF(AU36="OK_RCV",AS36,"Error en validación")))))))) -> 26064 | BC36: =IF(Z36="Error 1","No cuadran el Instructivo de Cobro y el monto de Cognos",IF(AND(AW36="Revisar Pendientes",AY36<>"OK_SUMA"),"Diferencia entre instructivo de cobro actual y de primer pago",IF(AI36<>"Error Validacion 1","Validación correcta",IF(OR(AO36="OK_SALA",AO36="OK_SALB"),"Validación correcta", IF(AU36="Error Validación 4", IF(AA36="Pago único","No cuadra el cálculo realizado contra Instructivo y Cognos","No cuadra cálculo realizado contra Instructivo"), "Validación correcta"))))) -> Validación correcta | BD36: =IF(BC36="Validación correcta","Ningún comentario",IF(BC36="No cuadran el Instructivo de Cobro y el monto de Cognos","Inconsistencia en los datos de origen","Inconsistencia entre datos de origen y cálculo")) -> Ningún comentario | BE36: Actual | BF36: Procesado
A37: 8000251393 | B37: 3200277502 | C37: RETIRO POR DESEMPLEO IMSS | D37: CON IMAGENES COMPLETAS | E37: 44120.548 | F37: 56936.41 | G37: 0 | H37: 57008232696 | I37: ROME821222MSRCND01 | J37: RETIRO PARCIAL IMSS | K37: Titular/Trabajador | L37: ROME821222MSRCND01 | M37: MONTERREY | N37: 20201016 13:05:28 | T37: 1 | U37: 41743697857766 | W37: 202010161259330178 | Y37: 56936.41 | Z37: =IF(Y37=F37,"OK","Error 1") -> OK | AA37: Pago único | AC37: =IF(AA37="Pago 1",AB37+Y37,"0") -> 0 | AD37: 44120 | AE37: =IF(V37="SUBSECUENTE","No aplica",VLOOKUP(YEAR(AD37),'SALARIO MINIMO'!A1:B100,2,FALSE)) -> 123.22 | AF37: =IF(V37="SUBSECUENTE","No aplica",IF(YEAR(AD37)=2016,VLOOKUP(YEAR(AD37),UMA!A1:B100,2,FALSE),IF(MONTH(AD37)=1,VLOOKUP((YEAR(AD37))-1,UMA!A1:B100,2,FALSE),VLOOKUP(YEAR(AD37),UMA!A1:B100,2,FALSE)))) -> 86.88 | AG37: =IF(V37="SUBSECUENTE","No aplica",IFERROR(IF(SEARCH("desempleo",C37),AE37*30*10),AE37*30)) -> 36966 | AH37: =IF(V37="SUBSECUENTE","No aplica",IFERROR(IF(SEARCH("desempleo",C37),AF37*30*10),AF37*30)) -> 26064 | AI37: =IF(V37="SUBSECUENTE","No aplica",IF(AA37="Pago único",IF(AG37=Y37,"OK_SM",IF(AH37=Y37,"OK_UMA","Error Validacion 1")),IF(AG37=AC37,"OK_SM",IF(AH37=AC37,"OK_UMA","Error Validacion 1")))) -> Error Validacion 1 | AJ37: =N37 -> 20201016 13:05:28 | AK37: 2015 | AL37: 1732.58 | AM37: =IF(C37="RETIRO POR MATRIMONIO IMSS", 0,AK37*30) -> 60450 | AN37: =IF(C37="RETIRO POR MATRIMONIO IMSS", 0,AL37*90) -> 155932.2 | AO37: =IF(V37="SUBSECUENTE","No aplica",IF(AA37="Pago único",IF(AM37=Y37,"OK_SALA",IF(AN37=Y37,"OK_SALB","Revisar_11.5%")),IF(AM37=AC37,"OK_SALA",IF(AN37=AC37,"OK_SALB","Revisar_11.5%")))) -> Revisar_11.5% | AP37: 45308.902 | AQ37: PROF-80 | AR37: 10.927196 | AS37: =AP37*AR37 -> 495099.25 | AT37: =IF(V37="SUBSECUENTE","No aplica",IF(AO37="OK_SALA","SAL_A",IF(AO37="OK_SALB","SAL_B",IF(AO37="Revisar_11.5%",AS37*0.115,"Error Validación 2")))) -> 56936.414 | AU37: =IF(V37="SUBSECUENTE","No aplica",IF(AA37="Pago único",IF(AT37<>"SAL_A",IF(ABS(AT37-Y37)<0.02,"OK_11.5%",IF(ABS(AS37-Y37)<0.02,"OK_RCV","Error Validación 4")),"SAL_A"),IF(AT37<>"SAL_A",IF(ABS(AT37-AC37)<0.02,"OK_11.5%",IF(ABS(AS37-AC37)<0.02,"OK_RCV","Error Validación 4")),"SAL_A"))) -> OK_11.5% | AW37: =IF(V37="SUBSECUENTE",IF(AV37=Y37,"OK_IC","Revisar Pendientes"),"") | AY37: =IF(V37="SUBSECUENTES","No aplica",IF(AX37=Y37,"OK_SUMA","Diferencia pagos en curso")) -> Diferencia pagos en curso | AZ37: =IF(AA37="Pago 1",IF(AI37="OK_SM",AG37,IF(AI37="OK_UMA",AH37,IF(AO37="OK_SALA",AM37,IF(AO37="OK_SALB",AN37,IF(AU37="OK_11.5%",AT37,IF(AU37="OK_RCV",AS37,"Error en validación")))))),"No aplica") -> No aplica | BA37: =IF(ISNUMBER(AZ37),"OK_cálculo pago 1",AZ37) -> No aplica | BB37: =IF(AW37="OK_IC",AV37,IF(AY37="OK_SUMA",AX37,IF(AI37="OK_SM",AG37,IF(AI37="OK_UMA",AH37,IF(AO37="OK_SALA",AM37,IF(AO37="OK_SALB",AN37,IF(AU37="OK_11.5%",AT37,IF(AU37="OK_RCV",AS37,"Error en validación")))))))) -> 56936.414 | BC37: =IF(Z37="Error 1","No cuadran el Instructivo de Cobro y el monto de Cognos",IF(AND(AW37="Revisar Pendientes",AY37<>"OK_SUMA"),"Diferencia entre instructivo de cobro actual y de primer pago",IF(AI37<>"Error Validacion 1","Validación correcta",IF(OR(AO37="OK_SALA",AO37="OK_SALB"),"Validación correcta", IF(AU37="Error Validación 4", IF(AA37="Pago único","No cuadra el cálculo realizado contra Instructivo y Cognos","No cuadra cálculo realizado contra Instructivo"), "Validación correcta"))))) -> Validación correcta | BD37: =IF(BC37="Validación correcta","Ningún comentario",IF(BC37="No cuadran el Instructivo de Cobro y el monto de Cognos","Inconsistencia en los datos de origen","Inconsistencia entre datos de origen y cálculo")) -> Ningún comentario | BE37: Actual | BF37: Procesado
A38: 8000250922 | B38: 2650024707 | C38: RETIRO POR DESEMPLEO IMSS | D38: CON IMAGENES COMPLETAS | E38: 44120.435 | F38: 6719.1 | G38: 0 | H38: 04038487213 | I38: BEED841025HJCJSN03 | J38: RETIRO PARCIAL IMSS | K38: Titular/Trabajador | L38: BEED841025HJCJSN03 | M38: GUADALAJARA | N38: 20201016 10:22:51 | T38: 1 | U38: 97717586452404 | W38: 202010161017090477 | Y38: 6719.1 | Z38: =IF(Y38=F38,"OK","Error 1") -> OK | AA38: Pago único | AC38: =IF(AA38="Pago 1",AB38+Y38,"0") -> 0 | AD38: 44120 | AE38: =IF(V38="SUBSECUENTE","No aplica",VLOOKUP(YEAR(AD38),'SALARIO MINIMO'!A1:B100,2,FALSE)) -> 123.22 | AF38: =IF(V38="SUBSECUENTE","No aplica",IF(YEAR(AD38)=2016,VLOOKUP(YEAR(AD38),UMA!A1:B100,2,FALSE),IF(MONTH(AD38)=1,VLOOKUP((YEAR(AD38))-1,UMA!A1:B100,2,FALSE),VLOOKUP(YEAR(AD38),UMA!A1:B100,2,FALSE)))) -> 86.88 | AG38: =IF(V38="SUBSECUENTE","No aplica",IFERROR(IF(SEARCH("desempleo",C38),AE38*30*10),AE38*30)) -> 36966 | AH38: =IF(V38="SUBSECUENTE","No aplica",IFERROR(IF(SEARCH("desempleo",C38),AF38*30*10),AF38*30)) -> 26064 | AI38: =IF(V38="SUBSECUENTE","No aplica",IF(AA38="Pago único",IF(AG38=Y38,"OK_SM",IF(AH38=Y38,"OK_UMA","Error Validacion 1")),IF(AG38=AC38,"OK_SM",IF(AH38=AC38,"OK_UMA","Error Validacion 1")))) -> Error Validacion 1 | AJ38: =N38 -> 20201016 10:22:51 | AK38: 223.97 | AL38: 115.3 | AM38: =IF(C38="RETIRO POR MATRIMONIO IMSS", 0,AK38*30) -> 6719.1 | AN38: =IF(C38="RETIRO POR MATRIMONIO IMSS", 0,AL38*90) -> 10377 | AO38: =IF(V38="SUBSECUENTE","No aplica",IF(AA38="Pago único",IF(AM38=Y38,"OK_SALA",IF(AN38=Y38,"OK_SALB","Revisar_11.5%")),IF(AM38=AC38,"OK_SALA",IF(AN38=AC38,"OK_SALB","Revisar_11.5%")))) -> OK_SALA | AP38: 1415.642 | AQ38: PROF-80 | AR38: 10.927196 | AS38: =AP38*AR38 -> 15468.997 | AT38: =IF(V38="SUBSECUENTE","No aplica",IF(AO38="OK_SALA","SAL_A",IF(AO38="OK_SALB","SAL_B",IF(AO38="Revisar_11.5%",AS38*0.115,"Error Validación 2")))) -> SAL_A | AU38: =IF(V38="SUBSECUENTE","No aplica",IF(AA38="Pago único",IF(AT38<>"SAL_A",IF(ABS(AT38-Y38)<0.02,"OK_11.5%",IF(ABS(AS38-Y38)<0.02,"OK_RCV","Error Validación 4")),"SAL_A"),IF(AT38<>"SAL_A",IF(ABS(AT38-AC38)<0.02,"OK_11.5%",IF(ABS(AS38-AC38)<0.02,"OK_RCV","Error Validación 4")),"SAL_A"))) -> SAL_A | AW38: =IF(V38="SUBSECUENTE",IF(AV38=Y38,"OK_IC","Revisar Pendientes"),"") | AY38: =IF(V38="SUBSECUENTES","No aplica",IF(AX38=Y38,"OK_SUMA","Diferencia pagos en curso")) -> Diferencia pagos en curso | AZ38: =IF(AA38="Pago 1",IF(AI38="OK_SM",AG38,IF(AI38="OK_UMA",AH38,IF(AO38="OK_SALA",AM38,IF(AO38="OK_SALB",AN38,IF(AU38="OK_11.5%",AT38,IF(AU38="OK_RCV",AS38,"Error en validación")))))),"No aplica") -> No aplica | BA38: =IF(ISNUMBER(AZ38),"OK_cálculo pago 1",AZ38) -> No aplica | BB38: =IF(AW38="OK_IC",AV38,IF(AY38="OK_SUMA",AX38,IF(AI38="OK_SM",AG38,IF(AI38="OK_UMA",AH38,IF(AO38="OK_SALA",AM38,IF(AO38="OK_SALB",AN38,IF(AU38="OK_11.5%",AT38,IF(AU38="OK_RCV",AS38,"Error en validación")))))))) -> 6719.1 | BC38: =IF(Z38="Error 1","No cuadran el Instructivo de Cobro y el monto de Cognos",IF(AND(AW38="Revisar Pendientes",AY38<>"OK_SUMA"),"Diferencia entre instructivo de cobro actual y de primer pago",IF(AI38<>"Error Validacion 1","Validación correcta",IF(OR(AO38="OK_SALA",AO38="OK_SALB"),"Validación correcta", IF(AU38="Error Validación 4", IF(AA38="Pago único","No cuadra el cálculo realizado contra Instructivo y Cognos","No cuadra cálculo realizado contra Instructivo"), "Validación correcta"))))) -> Validación correcta | BD38: =IF(BC38="Validación correcta","Ningún comentario",IF(BC38="No cuadran el Instructivo de Cobro y el monto de Cognos","Inconsistencia en los datos de origen","Inconsistencia entre datos de origen y cálculo")) -> Ningún comentario | BE38: Actual | BF38: Procesado
A39: 8000250948 | B39: 0650002717 | C39: RETIRO POR DESEMPLEO IMSS | D39: CON IMAGENES COMPLETAS | E39: 44120.44 | F39: 5820.6 | G39: 0 | H39: 33907411525 | I39: SORE740918MCHTVR00 | J39: RETIRO PARCIAL IMSS | K39: Titular/Trabajador | L39: SORE740918MCHTVR00 | M39: CD. JUAREZ | N39: 20201016 10:30:18 | T39: 1 | U39: 36335811262423 | W39: 202010161025100513 | Y39: 5820.6 | Z39: =IF(Y39=F39,"OK","Error 1") -> OK | AA39: Pago único | AC39: =IF(AA39="Pago 1",AB39+Y39,"0") -> 0 | AD39: 44120 | AE39: =IF(V39="SUBSECUENTE","No aplica",VLOOKUP(YEAR(AD39),'SALARIO MINIMO'!A1:B100,2,FALSE)) -> 123.22 | AF39: =IF(V39="SUBSECUENTE","No aplica",IF(YEAR(AD39)=2016,VLOOKUP(YEAR(AD39),UMA!A1:B100,2,FALSE),IF(MONTH(AD39)=1,VLOOKUP((YEAR(AD39))-1,UMA!A1:B100,2,FALSE),VLOOKUP(YEAR(AD39),UMA!A1:B100,2,FALSE)))) -> 86.88 | AG39: =IF(V39="SUBSECUENTE","No aplica",IFERROR(IF(SEARCH("desempleo",C39),AE39*30*10),AE39*30)) -> 36966 | AH39: =IF(V39="SUBSECUENTE","No aplica",IFERROR(IF(SEARCH("desempleo",C39),AF39*30*10),AF39*30)) -> 26064 | AI39: =IF(V39="SUBSECUENTE","No aplica",IF(AA39="Pago único",IF(AG39=Y39,"OK_SM",IF(AH39=Y39,"OK_UMA","Error Validacion 1")),IF(AG39=AC39,"OK_SM",IF(AH39=AC39,"OK_UMA","Error Validacion 1")))) -> Error Validacion 1 | AJ39: =N39 -> 20201016 10:30:18 | AK39: 194.02 | AL39: 130.97 | AM39: =IF(C39="RETIRO POR MATRIMONIO IMSS", 0,AK39*30) -> 5820.6 | AN39: =IF(C39="RETIRO POR MATRIMONIO IMSS", 0,AL39*90) -> 11787.3 | AO39: =IF(V39="SUBSECUENTE","No aplica",IF(AA39="Pago único",IF(AM39=Y39,"OK_SALA",IF(AN39=Y39,"OK_SALB","Revisar_11.5%")),IF(AM39=AC39,"OK_SALA",IF(AN39=AC39,"OK_SALB","Revisar_11.5%")))) -> OK_SALA | AP39: 1668.249 | AQ39: PROF-70 | AR39: 10.849608 | AS39: =AP39*AR39 -> 18099.848 | AT39: =IF(V39="SUBSECUENTE","No aplica",IF(AO39="OK_SALA","SAL_A",IF(AO39="OK_SALB","SAL_B",IF(AO39="Revisar_11.5%",AS39*0.115,"Error Validación 2")))) -> SAL_A | AU39: =IF(V39="SUBSECUENTE","No aplica",IF(AA39="Pago único",IF(AT39<>"SAL_A",IF(ABS(AT39-Y39)<0.02,"OK_11.5%",IF(ABS(AS39-Y39)<0.02,"OK_RCV","Error Validación 4")),"SAL_A"),IF(AT39<>"SAL_A",IF(ABS(AT39-AC39)<0.02,"OK_11.5%",IF(ABS(AS39-AC39)<0.02,"OK_RCV","Error Validación 4")),"SAL_A"))) -> SAL_A | AW39: =IF(V39="SUBSECUENTE",IF(AV39=Y39,"OK_IC","Revisar Pendientes"),"") | AY39: =IF(V39="SUBSECUENTES","No aplica",IF(AX39=Y39,"OK_SUMA","Diferencia pagos en curso")) -> Diferencia pagos en curso | AZ39: =IF(AA39="Pago 1",IF(AI39="OK_SM",AG39,IF(AI39="OK_UMA",AH39,IF(AO39="OK_SALA",AM39,IF(AO39="OK_SALB",AN39,IF(AU39="OK_11.5%",AT39,IF(AU39="OK_RCV",AS39,"Error en validación")))))),"No aplica") -> No aplica | BA39: =IF(ISNUMBER(AZ39),"OK_cálculo pago 1",AZ39) -> No aplica | BB39: =IF(AW39="OK_IC",AV39,IF(AY39="OK_SUMA",AX39,IF(AI39="OK_SM",AG39,IF(AI39="OK_UMA",AH39,IF(AO39="OK_SALA",AM39,IF(AO39="OK_SALB",AN39,IF(AU39="OK_11.5%",AT39,IF(AU39="OK_RCV",AS39,"Error en validación")))))))) -> 5820.6 | BC39: =IF(Z39="Error 1","No cuadran el Instructivo de Cobro y el monto de Cognos",IF(AND(AW39="Revisar Pendientes",AY39<>"OK_SUMA"),"Diferencia entre instructivo de cobro actual y de primer pago",IF(AI39<>"Error Validacion 1","Validación correcta",IF(OR(AO39="OK_SALA",AO39="OK_SALB"),"Validación correcta", IF(AU39="Error Validación 4", IF(AA39="Pago único","No cuadra el cálculo realizado contra Instructivo y Cognos","No cuadra cálculo realizado contra Instructivo"), "Validación correcta"))))) -> Validación correcta | BD39: =IF(BC39="Validación correcta","Ningún comentario",IF(BC39="No cuadran el Instructivo de Cobro y el monto de Cognos","Inconsistencia en los datos de origen","Inconsistencia entre datos de origen y cálculo")) -> Ningún comentario | BE39: Actual | BF39: Procesado
A40: 8000250839 | B40: 0060000488 | C40: RETIRO POR DESEMPLEO IMSS | D40: CON IMAGENES COMPLETAS | E40: 44120.418 | F40: 7839 | G40: 0 | H40: 84786107411 | I40: VEEG610115HYNLSL06 | J40: RETIRO PARCIAL IMSS | K40: Titular/Trabajador | L40: VEEG610115HYNLSL06 | M40: MERIDA | N40: 20201016 09:53:46 | T40: 1 | U40: 79243686248629 | W40: 202010160947420357 | Y40: 7839 | Z40: =IF(Y40=F40,"OK","Error 1") -> OK | AA40: Pago único | AC40: =IF(AA40="Pago 1",AB40+Y40,"0") -> 0 | AD40: 44120 | AE40: =IF(V40="SUBSECUENTE","No aplica",VLOOKUP(YEAR(AD40),'SALARIO MINIMO'!A1:B100,2,FALSE)) -> 123.22 | AF40: =IF(V40="SUBSECUENTE","No aplica",IF(YEAR(AD40)=2016,VLOOKUP(YEAR(AD40),UMA!A1:B100,2,FALSE),IF(MONTH(AD40)=1,VLOOKUP((YEAR(AD40))-1,UMA!A1:B100,2,FALSE),VLOOKUP(YEAR(AD40),UMA!A1:B100,2,FALSE)))) -> 86.88 | AG40: =IF(V40="SUBSECUENTE","No aplica",IFERROR(IF(SEARCH("desempleo",C40),AE40*30*10),AE40*30)) -> 36966 | AH40: =IF(V40="SUBSECUENTE","No aplica",IFERROR(IF(SEARCH("desempleo",C40),AF40*30*10),AF40*30)) -> 26064 | AI40: =IF(V40="SUBSECUENTE","No aplica",IF(AA40="Pago único",IF(AG40=Y40,"OK_SM",IF(AH40=Y40,"OK_UMA","Error Validacion 1")),IF(AG40=AC40,"OK_SM",IF(AH40=AC40,"OK_UMA","Error Validacion 1")))) -> Error Validacion 1 | AJ40: =N40 -> 20201016 09:53:46 | AK40: 261.3 | AL40: 144.07 | AM40: =IF(C40="RETIRO POR MATRIMONIO IMSS", 0,AK40*30) -> 7839 | AN40: =IF(C40="RETIRO POR MATRIMONIO IMSS", 0,AL40*90) -> 12966.3 | AO40: =IF(V40="SUBSECUENTE","No aplica",IF(AA40="Pago único",IF(AM40=Y40,"OK_SALA",IF(AN40=Y40,"OK_SALB","Revisar_11.5%")),IF(AM40=AC40,"OK_SALA",IF(AN40=AC40,"OK_SALB","Revisar_11.5%")))) -> OK_SALA | AP40: 3971.3452 | AQ40: PROF-60 | AR40: 11.442653 | AS40: =AP40*AR40 -> 45442.725 | AT40: =IF(V40="SUBSECUENTE","No aplica",IF(AO40="OK_SALA","SAL_A",IF(AO40="OK_SALB","SAL_B",IF(AO40="Revisar_11.5%",AS40*0.115,"Error Validación 2")))) -> SAL_A | AU40: =IF(V40="SUBSECUENTE","No aplica",IF(AA40="Pago único",IF(AT40<>"SAL_A",IF(ABS(AT40-Y40)<0.02,"OK_11.5%",IF(ABS(AS40-Y40)<0.02,"OK_RCV","Error Validación 4")),"SAL_A"),IF(AT40<>"SAL_A",IF(ABS(AT40-AC40)<0.02,"OK_11.5%",IF(ABS(AS40-AC40)<0.02,"OK_RCV","Error Validación 4")),"SAL_A"))) -> SAL_A | AW40: =IF(V40="SUBSECUENTE",IF(AV40=Y40,"OK_IC","Revisar Pendientes"),"") | AY40: =IF(V40="SUBSECUENTES","No aplica",IF(AX40=Y40,"OK_SUMA","Diferencia pagos en curso")) -> Diferencia pagos en curso | AZ40: =IF(AA40="Pago 1",IF(AI40="OK_SM",AG40,IF(AI40="OK_UMA",AH40,IF(AO40="OK_SALA",AM40,IF(AO40="OK_SALB",AN40,IF(AU40="OK_11.5%",AT40,IF(AU40="OK_RCV",AS40,"Error en validación")))))),"No aplica") -> No aplica | BA40: =IF(ISNUMBER(AZ40),"OK_cálculo pago 1",AZ40) -> No aplica | BB40: =IF(AW40="OK_IC",AV40,IF(AY40="OK_SUMA",AX40,IF(AI40="OK_SM",AG40,IF(AI40="OK_UMA",AH40,IF(AO40="OK_SALA",AM40,IF(AO40="OK_SALB",AN40,IF(AU40="OK_11.5%",AT40,IF(AU40="OK_RCV",AS40,"Error en validación")))))))) -> 7839 | BC40: =IF(Z40="Error 1","No cuadran el Instructivo de Cobro y el monto de Cognos",IF(AND(AW40="Revisar Pendientes",AY40<>"OK_SUMA"),"Diferencia entre instructivo de cobro actual y de primer pago",IF(AI40<>"Error Validacion 1","Validación correcta",IF(OR(AO40="OK_SALA",AO40="OK_SALB"),"Validación correcta", IF(AU40="Error Validación 4", IF(AA40="Pago único","No cuadra el cálculo realizado contra Instructivo y Cognos","No cuadra cálculo realizado contra Instructivo"), "Validación correcta"))))) -> Validación correcta | BD40: =IF(BC40="Validación correcta","Ningún comentario",IF(BC40="No cuadran el Instructivo de Cobro y el monto de Cognos","Inconsistencia en los datos de origen","Inconsistencia entre datos de origen y cálculo")) -> Ningún comentario | BE40: Actual | BF40: Procesado
A41: 8000250910 | B41: 3300200546 | C41: RETIRO POR DESEMPLEO IMSS | D41: CON IMAGENES COMPLETAS | E41: 44120.443 | F41: 12657 | G41: 0 | H41: 12109174222 | I41: PACA910724MGTDRN04 | J41: RETIRO PARCIAL IMSS | K41: Titular/Trabajador | L41: PACA910724MGTDRN04 | M41: LEON | N41: 20201016 10:26:06 | T41: 1 | U41: 39528997425901 | W41: 202010161017290478 | Y41: 12657 | Z41: =IF(Y41=F41,"OK","Error 1") -> OK | AA41: Pago único | AC41: =IF(AA41="Pago 1",AB41+Y41,"0") -> 0 | AD41: 44120 | AE41: =IF(V41="SUBSECUENTE","No aplica",VLOOKUP(YEAR(AD41),'SALARIO MINIMO'!A1:B100,2,FALSE)) -> 123.22 | AF41: =IF(V41="SUBSECUENTE","No aplica",IF(YEAR(AD41)=2016,VLOOKUP(YEAR(AD41),UMA!A1:B100,2,FALSE),IF(MONTH(AD41)=1,VLOOKUP((YEAR(AD41))-1,UMA!A1:B100,2,FALSE),VLOOKUP(YEAR(AD41),UMA!A1:B100,2,FALSE)))) -> 86.88 | AG41: =IF(V41="SUBSECUENTE","No aplica",IFERROR(IF(SEARCH("desempleo",C41),AE41*30*10),AE41*30)) -> 36966 | AH41: =IF(V41="SUBSECUENTE","No aplica",IFERROR(IF(SEARCH("desempleo",C41),AF41*30*10),AF41*30)) -> 26064 | AI41: =IF(V41="SUBSECUENTE","No aplica",IF(AA41="Pago único",IF(AG41=Y41,"OK_SM",IF(AH41=Y41,"OK_UMA","Error Validacion 1")),IF(AG41=AC41,"OK_SM",IF(AH41=AC41,"OK_UMA","Error Validacion 1")))) -> Error Validacion 1 | AJ41: =N41 -> 20201016 10:26:06 | AK41: 421.9 | AL41: 292.31 | AM41: =IF(C41="RETIRO POR MATRIMONIO IMSS", 0,AK41*30) -> 12657 | AN41: =IF(C41="RETIRO POR MATRIMONIO IMSS", 0,AL41*90) -> 26307.9 | AO41: =IF(V41="SUBSECUENTE","No aplica",IF(AA41="Pago único",IF(AM41=Y41,"OK_SALA",IF(AN41=Y41,"OK_SALB","Revisar_11.5%")),IF(AM41=AC41,"OK_SALA",IF(AN41=AC41,"OK_SALB","Revisar_11.5%")))) -> OK_SALA | AP41: 3640.9608 | AQ41: PROF-90 | AR41: 13.148607 | AS41: =AP41*AR41 -> 47873.563 | AT41: =IF(V41="SUBSECUENTE","No aplica",IF(AO41="OK_SALA","SAL_A",IF(AO41="OK_SALB","SAL_B",IF(AO41="Revisar_11.5%",AS41*0.115,"Error Validación 2")))) -> SAL_A | AU41: =IF(V41="SUBSECUENTE","No aplica",IF(AA41="Pago único",IF(AT41<>"SAL_A",IF(ABS(AT41-Y41)<0.02,"OK_11.5%",IF(ABS(AS41-Y41)<0.02,"OK_RCV","Error Validación 4")),"SAL_A"),IF(AT41<>"SAL_A",IF(ABS(AT41-AC41)<0.02,"OK_11.5%",IF(ABS(AS41-AC41)<0.02,"OK_RCV","Error Validación 4")),"SAL_A"))) -> SAL_A | AW41: =IF(V41="SUBSECUENTE",IF(AV41=Y41,"OK_IC","Revisar Pendientes"),"") | AY41: =IF(V41="SUBSECUENTES","No aplica",IF(AX41=Y41,"OK_SUMA","Diferencia pagos en curso")) -> Diferencia pagos en curso | AZ41: =IF(AA41="Pago 1",IF(AI41="OK_SM",AG41,IF(AI41="OK_UMA",AH41,IF(AO41="OK_SALA",AM41,IF(AO41="OK_SALB",AN41,IF(AU41="OK_11.5%",AT41,IF(AU41="OK_RCV",AS41,"Error en validación")))))),"No aplica") -> No aplica | BA41: =IF(ISNUMBER(AZ41),"OK_cálculo pago 1",AZ41) -> No aplica | BB41: =IF(AW41="OK_IC",AV41,IF(AY41="OK_SUMA",AX41,IF(AI41="OK_SM",AG41,IF(AI41="OK_UMA",AH41,IF(AO41="OK_SALA",AM41,IF(AO41="OK_SALB",AN41,IF(AU41="OK_11.5%",AT41,IF(AU41="OK_RCV",AS41,"Error en validación")))))))) -> 12657 | BC41: =IF(Z41="Error 1","No cuadran el Instructivo de Cobro y el monto de Cognos",IF(AND(AW41="Revisar Pendientes",AY41<>"OK_SUMA"),"Diferencia entre instructivo de cobro actual y de primer pago",IF(AI41<>"Error Validacion 1","Validación correcta",IF(OR(AO41="OK_SALA",AO41="OK_SALB"),"Validación correcta", IF(AU41="Error Validación 4", IF(AA41="Pago único","No cuadra el cálculo realizado contra Instructivo y Cognos","No cuadra cálculo realizado contra Instructivo"), "Validación correcta"))))) -> Validación correcta | BD41: =IF(BC41="Validación correcta","Ningún comentario",IF(BC41="No cuadran el Instructivo de Cobro y el monto de Cognos","Inconsistencia en los datos de origen","Inconsistencia entre datos de origen y cálculo")) -> Ningún comentario | BE41: Actual | BF41: Procesado
A42: 8000251150 | B42: 3200432779 | C42: RETIRO POR DESEMPLEO IMSS | D42: CON IMAGENES COMPLETAS | E42: 44120.502 | F42: 7117.8 | G42: 0 | H42: 83937119515 | I42: ZEIC710428HTCTZR03 | J42: RETIRO PARCIAL IMSS | K42: Titular/Trabajador | L42: ZEIC710428HTCTZR03 | M42: VILLAHERMOSA | N42: 20201016 11:54:15 | T42: 1 | U42: 43949785378205 | W42: 202010161149213620 | Y42: 3558.9 | Z42: =IF(Y42=F42,"OK","Error 1") -> Error 1 | AA42: Pago único | AC42: =IF(AA42="Pago 1",AB42+Y42,"0") -> 0 | AD42: 44120 | AE42: =IF(V42="SUBSECUENTE","No aplica",VLOOKUP(YEAR(AD42),'SALARIO MINIMO'!A1:B100,2,FALSE)) -> 123.22 | AF42: =IF(V42="SUBSECUENTE","No aplica",IF(YEAR(AD42)=2016,VLOOKUP(YEAR(AD42),UMA!A1:B100,2,FALSE),IF(MONTH(AD42)=1,VLOOKUP((YEAR(AD42))-1,UMA!A1:B100,2,FALSE),VLOOKUP(YEAR(AD42),UMA!A1:B100,2,FALSE)))) -> 86.88 | AG42: =IF(V42="SUBSECUENTE","No aplica",IFERROR(IF(SEARCH("desempleo",C42),AE42*30*10),AE42*30)) -> 36966 | AH42: =IF(V42="SUBSECUENTE","No aplica",IFERROR(IF(SEARCH("desempleo",C42),AF42*30*10),AF42*30)) -> 26064 | AI42: =IF(V42="SUBSECUENTE","No aplica",IF(AA42="Pago único",IF(AG42=Y42,"OK_SM",IF(AH42=Y42,"OK_UMA","Error Validacion 1")),IF(AG42=AC42,"OK_SM",IF(AH42=AC42,"OK_UMA","Error Validacion 1")))) -> Error Validacion 1 | AJ42: =N42 -> 20201016 11:54:15 | AK42: 118.63 | AL42: 102.22 | AM42: =IF(C42="RETIRO POR MATRIMONIO IMSS", 0,AK42*30) -> 3558.9 | AN42: =IF(C42="RETIRO POR MATRIMONIO IMSS", 0,AL42*90) -> 9199.8 | AO42: =IF(V42="SUBSECUENTE","No aplica",IF(AA42="Pago único",IF(AM42=Y42,"OK_SALA",IF(AN42=Y42,"OK_SALB","Revisar_11.5%")),IF(AM42=AC42,"OK_SALA",IF(AN42=AC42,"OK_SALB","Revisar_11.5%")))) -> OK_SALA | AP42: 934.685 | AQ42: PROF-70 | AR42: 10.849608 | AS42: =AP42*AR42 -> 10140.966 | AT42: =IF(V42="SUBSECUENTE","No aplica",IF(AO42="OK_SALA","SAL_A",IF(AO42="OK_SALB","SAL_B",IF(AO42="Revisar_11.5%",AS42*0.115,"Error Validación 2")))) -> SAL_A | AU42: =IF(V42="SUBSECUENTE","No aplica",IF(AA42="Pago único",IF(AT42<>"SAL_A",IF(ABS(AT42-Y42)<0.02,"OK_11.5%",IF(ABS(AS42-Y42)<0.02,"OK_RCV","Error Validación 4")),"SAL_A"),IF(AT42<>"SAL_A",IF(ABS(AT42-AC42)<0.02,"OK_11.5%",IF(ABS(AS42-AC42)<0.02,"OK_RCV","Error Validación 4")),"SAL_A"))) -> SAL_A | AW42: =IF(V42="SUBSECUENTE",IF(AV42=Y42,"OK_IC","Revisar Pendientes"),"") | AY42: =IF(V42="SUBSECUENTES","No aplica",IF(AX42=Y42,"OK_SUMA","Diferencia pagos en curso")) -> Diferencia pagos en curso | AZ42: =IF(AA42="Pago 1",IF(AI42="OK_SM",AG42,IF(AI42="OK_UMA",AH42,IF(AO42="OK_SALA",AM42,IF(AO42="OK_SALB",AN42,IF(AU42="OK_11.5%",AT42,IF(AU42="OK_RCV",AS42,"Error en validación")))))),"No aplica") -> No aplica | BA42: =IF(ISNUMBER(AZ42),"OK_cálculo pago 1",AZ42) -> No aplica | BB42: =IF(AW42="OK_IC",AV42,IF(AY42="OK_SUMA",AX42,IF(AI42="OK_SM",AG42,IF(AI42="OK_UMA",AH42,IF(AO42="OK_SALA",AM42,IF(AO42="OK_SALB",AN42,IF(AU42="OK_11.5%",AT42,IF(AU42="OK_RCV",AS42,"Error en validación")))))))) -> 3558.9 | BC42: =IF(Z42="Error 1","No cuadran el Instructivo de Cobro y el monto de Cognos",IF(AND(AW42="Revisar Pendientes",AY42<>"OK_SUMA"),"Diferencia entre instructivo de cobro actual y de primer pago",IF(AI42<>"Error Validacion 1","Validación correcta",IF(OR(AO42="OK_SALA",AO42="OK_SALB"),"Validación correcta", IF(AU42="Error Validación 4", IF(AA42="Pago único","No cuadra el cálculo realizado contra Instructivo y Cognos","No cuadra cálculo realizado contra Instructivo"), "Validación correcta"))))) -> No cuadran el Instructivo de Cobro y el monto de Cognos | BD42: =IF(BC42="Validación correcta","Ningún comentario",IF(BC42="No cuadran el Instructivo de Cobro y el monto de Cognos","Inconsistencia en los datos de origen","Inconsistencia entre datos de origen y cálculo")) -> Inconsistencia en los datos de origen | BE42: Actual | BF42: Procesado
A43: 8000251294 | B43: 3300175205 | C43: RETIRO DE AYUDA PARA GASTOS DE MATRIMONIO IMSS | D43: ACEPTADO MC | E43: 44120.536 | F43: 2534.7 | G43: 0 | H43: 43089258255 | I43: SAAB920910MNLLLL07 | J43: RETIRO PARCIAL IMSS | K43: Titular/Trabajador | L43: SAAB920910MNLLLL07 | M43: MONTERREY | N43: 20201016 12:40:40 | T43: 1 | U43: 46586303905549 | W43: 202010161234480035 | Y43: 2534.7 | Z43: =IF(Y43=F43,"OK","Error 1") -> OK | AA43: Pago único | AC43: =IF(AA43="Pago 1",AB43+Y43,"0") -> 0 | AD43: 43694 | AE43: =IF(V43="SUBSECUENTE","No aplica",VLOOKUP(YEAR(AD43),'SALARIO MINIMO'!A1:B100,2,FALSE)) -> 102.68 | AF43: =IF(V43="SUBSECUENTE","No aplica",IF(YEAR(AD43)=2016,VLOOKUP(YEAR(AD43),UMA!A1:B100,2,FALSE),IF(MONTH(AD43)=1,VLOOKUP((YEAR(AD43))-1,UMA!A1:B100,2,FALSE),VLOOKUP(YEAR(AD43),UMA!A1:B100,2,FALSE)))) -> 84.49 | AG43: =IF(V43="SUBSECUENTE","No aplica",IFERROR(IF(SEARCH("desempleo",C43),AE43*30*10),AE43*30)) -> 3080.4 | AH43: =IF(V43="SUBSECUENTE","No aplica",IFERROR(IF(SEARCH("desempleo",C43),AF43*30*10),AF43*30)) -> 2534.7 | AI43: =IF(V43="SUBSECUENTE","No aplica",IF(AA43="Pago único",IF(AG43=Y43,"OK_SM",IF(AH43=Y43,"OK_UMA","Error Validacion 1")),IF(AG43=AC43,"OK_SM",IF(AH43=AC43,"OK_UMA","Error Validacion 1")))) -> OK_UMA | AJ43: =N43 -> 20201016 12:40:40 | AK43: 2534.7 | AL43: 0 | AM43: =IF(C43="RETIRO POR MATRIMONIO IMSS", 0,AK43*30) -> 76041 | AN43: =IF(C43="RETIRO POR MATRIMONIO IMSS", 0,AL43*90) -> 0 | AO43: =IF(V43="SUBSECUENTE","No aplica",IF(AA43="Pago único",IF(AM43=Y43,"OK_SALA",IF(AN43=Y43,"OK_SALB","Revisar_11.5%")),IF(AM43=AC43,"OK_SALA",IF(AN43=AC43,"OK_SALB","Revisar_11.5%")))) -> Revisar_11.5% | AP43: 1781.4551 | AQ43: PROF-90 | AR43: 13.148607 | AS43: =AP43*AR43 -> 23423.653 | AT43: =IF(V43="SUBSECUENTE","No aplica",IF(AO43="OK_SALA","SAL_A",IF(AO43="OK_SALB","SAL_B",IF(AO43="Revisar_11.5%",AS43*0.115,"Error Validación 2")))) -> 2693.7201 | AU43: =IF(V43="SUBSECUENTE","No aplica",IF(AA43="Pago único",IF(AT43<>"SAL_A",IF(ABS(AT43-Y43)<0.02,"OK_11.5%",IF(ABS(AS43-Y43)<0.02,"OK_RCV","Error Validación 4")),"SAL_A"),IF(AT43<>"SAL_A",IF(ABS(AT43-AC43)<0.02,"OK_11.5%",IF(ABS(AS43-AC43)<0.02,"OK_RCV","Error Validación 4")),"SAL_A"))) -> Error Validación 4 | AW43: =IF(V43="SUBSECUENTE",IF(AV43=Y43,"OK_IC","Revisar Pendientes"),"") | AY43: =IF(V43="SUBSECUENTES","No aplica",IF(AX43=Y43,"OK_SUMA","Diferencia pagos en curso")) -> Diferencia pagos en curso | AZ43: =IF(AA43="Pago 1",IF(AI43="OK_SM",AG43,IF(AI43="OK_UMA",AH43,IF(AO43="OK_SALA",AM43,IF(AO43="OK_SALB",AN43,IF(AU43="OK_11.5%",AT43,IF(AU43="OK_RCV",AS43,"Error en validación")))))),"No aplica") -> No aplica | BA43: =IF(ISNUMBER(AZ43),"OK_cálculo pago 1",AZ43) -> No aplica | BB43: =IF(AW43="OK_IC",AV43,IF(AY43="OK_SUMA",AX43,IF(AI43="OK_SM",AG43,IF(AI43="OK_UMA",AH43,IF(AO43="OK_SALA",AM43,IF(AO43="OK_SALB",AN43,IF(AU43="OK_11.5%",AT43,IF(AU43="OK_RCV",AS43,"Error en validación")))))))) -> 2534.7 | BC43: =IF(Z43="Error 1","No cuadran el Instructivo de Cobro y el monto de Cognos",IF(AND(AW43="Revisar Pendientes",AY43<>"OK_SUMA"),"Diferencia entre instructivo de cobro actual y de primer pago",IF(AI43<>"Error Validacion 1","Validación correcta",IF(OR(AO43="OK_SALA",AO43="OK_SALB"),"Validación correcta", IF(AU43="Error Validación 4", IF(AA43="Pago único","No cuadra el cálculo realizado contra Instructivo y Cognos","No cuadra cálculo realizado contra Instructivo"), "Validación correcta"))))) -> Validación correcta | BD43: =IF(BC43="Validación correcta","Ningún comentario",IF(BC43="No cuadran el Instructivo de Cobro y el monto de Cognos","Inconsistencia en los datos de origen","Inconsistencia entre datos de origen y cálculo")) -> Ningún comentario | BE43: Actual | BF43: Procesado
A44: 8000250686 | B44: 3300160163 | C44: RETIRO POR DESEMPLEO IMSS | D44: CON IMAGENES COMPLETAS | E44: 44120.361 | F44: 20485.8 | G44: 0 | H44: 01138501000 | I44: MEGJ850725HDFRRR03 | J44: RETIRO PARCIAL IMSS | K44: Titular/Trabajador | L44: MEGJ850725HDFRRR03 | M44: LINDAVISTA | N44: 20201016 08:36:21 | T44: 1 | U44: 22708905275660 | W44: 202010160830230141 | Y44: 20485.8 | Z44: =IF(Y44=F44,"OK","Error 1") -> OK | AA44: Pago único | AC44: =IF(AA44="Pago 1",AB44+Y44,"0") -> 0 | AD44: 44120 | AE44: =IF(V44="SUBSECUENTE","No aplica",VLOOKUP(YEAR(AD44),'SALARIO MINIMO'!A1:B100,2,FALSE)) -> 123.22 | AF44: =IF(V44="SUBSECUENTE","No aplica",IF(YEAR(AD44)=2016,VLOOKUP(YEAR(AD44),UMA!A1:B100,2,FALSE),IF(MONTH(AD44)=1,VLOOKUP((YEAR(AD44))-1,UMA!A1:B100,2,FALSE),VLOOKUP(YEAR(AD44),UMA!A1:B100,2,FALSE)))) -> 86.88 | AG44: =IF(V44="SUBSECUENTE","No aplica",IFERROR(IF(SEARCH("desempleo",C44),AE44*30*10),AE44*30)) -> 36966 | AH44: =IF(V44="SUBSECUENTE","No aplica",IFERROR(IF(SEARCH("desempleo",C44),AF44*30*10),AF44*30)) -> 26064 | AI44: =IF(V44="SUBSECUENTE","No aplica",IF(AA44="Pago único",IF(AG44=Y44,"OK_SM",IF(AH44=Y44,"OK_UMA","Error Validacion 1")),IF(AG44=AC44,"OK_SM",IF(AH44=AC44,"OK_UMA","Error Validacion 1")))) -> Error Validacion 1 | AJ44: =N44 -> 20201016 08:36:21 | AK44: 682.86 | AL44: 547.43 | AM44: =IF(C44="RETIRO POR MATRIMONIO IMSS", 0,AK44*30) -> 20485.8 | AN44: =IF(C44="RETIRO POR MATRIMONIO IMSS", 0,AL44*90) -> 49268.7 | AO44: =IF(V44="SUBSECUENTE","No aplica",IF(AA44="Pago único",IF(AM44=Y44,"OK_SALA",IF(AN44=Y44,"OK_SALB","Revisar_11.5%")),IF(AM44=AC44,"OK_SALA",IF(AN44=AC44,"OK_SALB","Revisar_11.5%")))) -> OK_SALA | AP44: 9018.1319 | AQ44: PROF-85 | AR44: 13.238638 | AS44: =AP44*AR44 -> 119387.78 | AT44: =IF(V44="SUBSECUENTE","No aplica",IF(AO44="OK_SALA","SAL_A",IF(AO44="OK_SALB","SAL_B",IF(AO44="Revisar_11.5%",AS44*0.115,"Error Validación 2")))) -> SAL_A | AU44: =IF(V44="SUBSECUENTE","No aplica",IF(AA44="Pago único",IF(AT44<>"SAL_A",IF(ABS(AT44-Y44)<0.02,"OK_11.5%",IF(ABS(AS44-Y44)<0.02,"OK_RCV","Error Validación 4")),"SAL_A"),IF(AT44<>"SAL_A",IF(ABS(AT44-AC44)<0.02,"OK_11.5%",IF(ABS(AS44-AC44)<0.02,"OK_RCV","Error Validación 4")),"SAL_A"))) -> SAL_A | AW44: =IF(V44="SUBSECUENTE",IF(AV44=Y44,"OK_IC","Revisar Pendientes"),"") | AY44: =IF(V44="SUBSECUENTES","No aplica",IF(AX44=Y44,"OK_SUMA","Diferencia pagos en curso")) -> Diferencia pagos en curso | AZ44: =IF(AA44="Pago 1",IF(AI44="OK_SM",AG44,IF(AI44="OK_UMA",AH44,IF(AO44="OK_SALA",AM44,IF(AO44="OK_SALB",AN44,IF(AU44="OK_11.5%",AT44,IF(AU44="OK_RCV",AS44,"Error en validación")))))),"No aplica") -> No aplica | BA44: =IF(ISNUMBER(AZ44),"OK_cálculo pago 1",AZ44) -> No aplica | BB44: =IF(AW44="OK_IC",AV44,IF(AY44="OK_SUMA",AX44,IF(AI44="OK_SM",AG44,IF(AI44="OK_UMA",AH44,IF(AO44="OK_SALA",AM44,IF(AO44="OK_SALB",AN44,IF(AU44="OK_11.5%",AT44,IF(AU44="OK_RCV",AS44,"Error en validación")))))))) -> 20485.8 | BC44: =IF(Z44="Error 1","No cuadran el Instructivo de Cobro y el monto de Cognos",IF(AND(AW44="Revisar Pendientes",AY44<>"OK_SUMA"),"Diferencia entre instructivo de cobro actual y de primer pago",IF(AI44<>"Error Validacion 1","Validación correcta",IF(OR(AO44="OK_SALA",AO44="OK_SALB"),"Validación correcta", IF(AU44="Error Validación 4", IF(AA44="Pago único","No cuadra el cálculo realizado contra Instructivo y Cognos","No cuadra cálculo realizado contra Instructivo"), "Validación correcta"))))) -> Validación correcta | BD44: =IF(BC44="Validación correcta","Ningún comentario",IF(BC44="No cuadran el Instructivo de Cobro y el monto de Cognos","Inconsistencia en los datos de origen","Inconsistencia entre datos de origen y cálculo")) -> Ningún comentario | BE44: Actual | BF44: Procesado
A45: 8000250883 | B45: 3200669762 | C45: RETIRO DE AYUDA PARA GASTOS DE MATRIMONIO IMSS | D45: ACEPTADO MC | E45: 44120.545 | F45: 2606.4 | G45: 0 | H45: 14099436900 | I45: SORH940114HDFTZC08 | J45: RETIRO PARCIAL IMSS | K45: Titular/Trabajador | L45: SORH940114HDFTZC08 | M45: QUERETARO | N45: 20201016 10:07:06 | T45: 1 | U45: 96828512938971 | W45: 202010161002430013 | Y45: 2606.4 | Z45: =IF(Y45=F45,"OK","Error 1") -> OK | AA45: Pago único | AC45: =IF(AA45="Pago 1",AB45+Y45,"0") -> 0 | AD45: 44105 | AE45: =IF(V45="SUBSECUENTE","No aplica",VLOOKUP(YEAR(AD45),'SALARIO MINIMO'!A1:B100,2,FALSE)) -> 123.22 | AF45: =IF(V45="SUBSECUENTE","No aplica",IF(YEAR(AD45)=2016,VLOOKUP(YEAR(AD45),UMA!A1:B100,2,FALSE),IF(MONTH(AD45)=1,VLOOKUP((YEAR(AD45))-1,UMA!A1:B100,2,FALSE),VLOOKUP(YEAR(AD45),UMA!A1:B100,2,FALSE)))) -> 86.88 | AG45: =IF(V45="SUBSECUENTE","No aplica",IFERROR(IF(SEARCH("desempleo",C45),AE45*30*10),AE45*30)) -> 3696.6 | AH45: =IF(V45="SUBSECUENTE","No aplica",IFERROR(IF(SEARCH("desempleo",C45),AF45*30*10),AF45*30)) -> 2606.4 | AI45: =IF(V45="SUBSECUENTE","No aplica",IF(AA45="Pago único",IF(AG45=Y45,"OK_SM",IF(AH45=Y45,"OK_UMA","Error Validacion 1")),IF(AG45=AC45,"OK_SM",IF(AH45=AC45,"OK_UMA","Error Validacion 1")))) -> OK_UMA | AJ45: =N45 -> 20201016 10:07:06 | AK45: 2606.4 | AL45: 0 | AM45: =IF(C45="RETIRO POR MATRIMONIO IMSS", 0,AK45*30) -> 78192 | AN45: =IF(C45="RETIRO POR MATRIMONIO IMSS", 0,AL45*90) -> 0 | AO45: =IF(V45="SUBSECUENTE","No aplica",IF(AA45="Pago único",IF(AM45=Y45,"OK_SALA",IF(AN45=Y45,"OK_SALB","Revisar_11.5%")),IF(AM45=AC45,"OK_SALA",IF(AN45=AC45,"OK_SALB","Revisar_11.5%")))) -> Revisar_11.5% | AP45: 5845.4128 | AQ45: PROF-90 | AR45: 13.148607 | AS45: =AP45*AR45 -> 76859.036 | AT45: =IF(V45="SUBSECUENTE","No aplica",IF(AO45="OK_SALA","SAL_A",IF(AO45="OK_SALB","SAL_B",IF(AO45="Revisar_11.5%",AS45*0.115,"Error Validación 2")))) -> 8838.7891 | AU45: =IF(V45="SUBSECUENTE","No aplica",IF(AA45="Pago único",IF(AT45<>"SAL_A",IF(ABS(AT45-Y45)<0.02,"OK_11.5%",IF(ABS(AS45-Y45)<0.02,"OK_RCV","Error Validación 4")),"SAL_A"),IF(AT45<>"SAL_A",IF(ABS(AT45-AC45)<0.02,"OK_11.5%",IF(ABS(AS45-AC45)<0.02,"OK_RCV","Error Validación 4")),"SAL_A"))) -> Error Validación 4 | AW45: =IF(V45="SUBSECUENTE",IF(AV45=Y45,"OK_IC","Revisar Pendientes"),"") | AY45: =IF(V45="SUBSECUENTES","No aplica",IF(AX45=Y45,"OK_SUMA","Diferencia pagos en curso")) -> Diferencia pagos en curso | AZ45: =IF(AA45="Pago 1",IF(AI45="OK_SM",AG45,IF(AI45="OK_UMA",AH45,IF(AO45="OK_SALA",AM45,IF(AO45="OK_SALB",AN45,IF(AU45="OK_11.5%",AT45,IF(AU45="OK_RCV",AS45,"Error en validación")))))),"No aplica") -> No aplica | BA45: =IF(ISNUMBER(AZ45),"OK_cálculo pago 1",AZ45) -> No aplica | BB45: =IF(AW45="OK_IC",AV45,IF(AY45="OK_SUMA",AX45,IF(AI45="OK_SM",AG45,IF(AI45="OK_UMA",AH45,IF(AO45="OK_SALA",AM45,IF(AO45="OK_SALB",AN45,IF(AU45="OK_11.5%",AT45,IF(AU45="OK_RCV",AS45,"Error en validación")))))))) -> 2606.4 | BC45: =IF(Z45="Error 1","No cuadran el Instructivo de Cobro y el monto de Cognos",IF(AND(AW45="Revisar Pendientes",AY45<>"OK_SUMA"),"Diferencia entre instructivo de cobro actual y de primer pago",IF(AI45<>"Error Validacion 1","Validación correcta",IF(OR(AO45="OK_SALA",AO45="OK_SALB"),"Validación correcta", IF(AU45="Error Validación 4", IF(AA45="Pago único","No cuadra el cálculo realizado contra Instructivo y Cognos","No cuadra cálculo realizado contra Instructivo"), "Validación correcta"))))) -> Validación correcta | BD45: =IF(BC45="Validación correcta","Ningún comentario",IF(BC45="No cuadran el Instructivo de Cobro y el monto de Cognos","Inconsistencia en los datos de origen","Inconsistencia entre datos de origen y cálculo")) -> Ningún comentario | BE45: Actual | BF45: Procesado

Sheet SALARIO MINIMO
A1: Año Vigencia | B1: SALARIO MINIMO
A2: 1997 | B2: 26.45
A3: 1998 | B3: 30.2
A4: 1999 | B4: 34.45
A5: 2000 | B5: 37.9
A6: 2001 | B6: 40.35
A7: 2002 | B7: 42.15
A8: 2003 | B8: 43.65
A9: 2004 | B9: 45.24
A10: 2005 | B10: 46.8
A11: 2006 | B11: 48.67
A12: 2007 | B12: 50.57
A13: 2008 | B13: 52.59
... A25: 2020 | B25: 123.22

Sheet UMA
A1: Año Vigencia | B1: UMA
A2: 2016 | B2: 73.04
A3: 2017 | B3: 75.49
A4: 2018 | B4: 80.6
A5: 2019 | B5: 84.49
A6: 2020 | B6: 86.88
